wave,RFR_value
14000,0.000026
14001,0.000026
14002,0.000026
14003,0.000026
14004,0.000026
14005,0.000026
14006,0.000026
14007,0.000026
14008,0.000026
14009,0.000027
14010,0.000027
14011,0.000027
14012,0.000027
14013,0.000027
14014,0.000027
14015,0.000027
14016,0.000027
14017,0.000027
14018,0.000028
14019,0.000028
14020,0.000028
14021,0.000028
14022,0.000028
14023,0.000028
14024,0.000028
14025,0.000028
14026,0.000029
14027,0.000029
14028,0.000029
14029,0.00003
14030,0.00003
14031,0.00003
14032,0.00003
14033,0.000031
14034,0.000031
14035,0.000031
14036,0.000032
14037,0.000032
14038,0.000032
14039,0.000033
14040,0.000033
14041,0.000033
14042,0.000034
14043,0.000034
14044,0.000034
14045,0.000035
14046,0.000035
14047,0.000035
14048,0.000035
14049,0.000036
14050,0.000036
14051,0.000036
14052,0.000037
14053,0.000037
14054,0.000037
14055,0.000038
14056,0.000038
14057,0.000038
14058,0.000039
14059,0.000039
14060,0.000039
14061,0.00004
14062,0.00004
14063,0.00004
14064,0.00004
14065,0.000041
14066,0.000041
14067,0.000041
14068,0.000042
14069,0.000042
14070,0.000042
14071,0.000043
14072,0.000043
14073,0.000043
14074,0.000044
14075,0.000044
14076,0.000044
14077,0.000045
14078,0.000045
14079,0.000045
14080,0.000045
14081,0.000046
14082,0.000046
14083,0.000046
14084,0.000047
14085,0.000047
14086,0.000047
14087,0.000048
14088,0.000048
14089,0.000048
14090,0.000049
14091,0.000049
14092,0.000049
14093,0.00005
14094,0.00005
14095,0.00005
14096,0.00005
14097,0.000051
14098,0.000051
14099,0.000051
14100,0.000052
14101,0.000052
14102,0.000052
14103,0.000053
14104,0.000053
14105,0.000053
14106,0.000054
14107,0.000054
14108,0.000054
14109,0.000054
14110,0.000055
14111,0.000055
14112,0.000055
14113,0.000056
14114,0.000056
14115,0.000056
14116,0.000057
14117,0.000057
14118,0.000057
14119,0.000058
14120,0.000058
14121,0.000058
14122,0.000059
14123,0.000059
14124,0.000059
14125,0.000059
14126,0.00006
14127,0.00006
14128,0.00006
14129,0.000061
14130,0.000061
14131,0.000061
14132,0.000062
14133,0.000062
14134,0.000062
14135,0.000063
14136,0.000063
14137,0.000063
14138,0.000064
14139,0.000064
14140,0.000064
14141,0.000064
14142,0.000065
14143,0.000065
14144,0.000065
14145,0.000066
14146,0.000067
14147,0.000068
14148,0.000069
14149,0.00007
14150,0.000071
14151,0.000071
14152,0.000072
14153,0.000073
14154,0.000074
14155,0.000075
14156,0.000076
14157,0.000077
14158,0.000077
14159,0.000078
14160,0.000079
14161,0.00008
14162,0.000081
14163,0.000082
14164,0.000083
14165,0.000083
14166,0.000084
14167,0.000085
14168,0.000086
14169,0.000087
14170,0.000088
14171,0.000089
14172,0.000089
14173,0.00009
14174,0.000091
14175,0.000092
14176,0.000093
14177,0.000094
14178,0.000095
14179,0.000095
14180,0.000096
14181,0.000097
14182,0.000098
14183,0.000099
14184,0.0001
14185,0.000101
14186,0.000101
14187,0.000102
14188,0.000103
14189,0.000104
14190,0.000105
14191,0.000106
14192,0.000107
14193,0.000108
14194,0.000108
14195,0.000109
14196,0.00011
14197,0.000111
14198,0.000112
14199,0.000113
14200,0.000114
14201,0.000114
14202,0.000115
14203,0.000116
14204,0.000117
14205,0.000118
14206,0.000119
14207,0.00012
14208,0.00012
14209,0.000121
14210,0.000122
14211,0.000123
14212,0.000124
14213,0.000125
14214,0.000126
14215,0.000126
14216,0.000127
14217,0.000128
14218,0.000129
14219,0.00013
14220,0.000131
14221,0.000132
14222,0.000132
14223,0.000133
14224,0.000134
14225,0.000135
14226,0.000136
14227,0.000137
14228,0.000138
14229,0.000139
14230,0.000139
14231,0.00014
14232,0.000141
14233,0.000142
14234,0.000143
14235,0.000144
14236,0.000145
14237,0.000145
14238,0.000146
14239,0.000147
14240,0.000148
14241,0.000149
14242,0.00015
14243,0.000151
14244,0.000151
14245,0.000152
14246,0.000153
14247,0.000154
14248,0.000155
14249,0.000156
14250,0.000157
14251,0.000157
14252,0.000158
14253,0.000159
14254,0.00016
14255,0.000161
14256,0.000162
14257,0.000163
14258,0.000163
14259,0.000164
14260,0.000165
14261,0.000166
14262,0.000167
14263,0.000168
14264,0.000169
14265,0.00017
14266,0.000172
14267,0.000176
14268,0.000179
14269,0.000183
14270,0.000187
14271,0.00019
14272,0.000194
14273,0.000198
14274,0.000201
14275,0.000205
14276,0.000209
14277,0.000212
14278,0.000216
14279,0.00022
14280,0.000223
14281,0.000227
14282,0.000231
14283,0.000234
14284,0.000238
14285,0.000242
14286,0.000245
14287,0.000249
14288,0.000253
14289,0.000256
14290,0.00026
14291,0.000264
14292,0.000267
14293,0.000271
14294,0.000275
14295,0.000278
14296,0.000282
14297,0.000286
14298,0.000289
14299,0.000293
14300,0.000297
14301,0.0003
14302,0.000304
14303,0.000308
14304,0.000311
14305,0.000315
14306,0.000319
14307,0.000322
14308,0.000326
14309,0.00033
14310,0.000333
14311,0.000337
14312,0.000341
14313,0.000344
14314,0.000348
14315,0.000352
14316,0.000355
14317,0.000359
14318,0.000363
14319,0.000366
14320,0.00037
14321,0.000374
14322,0.000377
14323,0.000381
14324,0.000385
14325,0.000388
14326,0.000392
14327,0.000396
14328,0.000399
14329,0.000403
14330,0.000407
14331,0.00041
14332,0.000414
14333,0.000418
14334,0.000421
14335,0.000425
14336,0.000429
14337,0.000432
14338,0.000436
14339,0.00044
14340,0.000443
14341,0.000447
14342,0.000451
14343,0.000454
14344,0.000458
14345,0.000462
14346,0.000465
14347,0.000469
14348,0.000473
14349,0.000476
14350,0.00048
14351,0.000484
14352,0.000487
14353,0.000491
14354,0.000495
14355,0.000498
14356,0.000502
14357,0.000506
14358,0.000509
14359,0.000513
14360,0.000517
14361,0.00052
14362,0.000524
14363,0.000528
14364,0.000531
14365,0.000535
14366,0.000539
14367,0.000543
14368,0.000546
14369,0.00055
14370,0.000554
14371,0.000557
14372,0.000561
14373,0.000565
14374,0.000568
14375,0.000572
14376,0.000576
14377,0.000579
14378,0.000583
14379,0.000587
14380,0.00059
14381,0.000594
14382,0.000598
14383,0.000601
14384,0.000605
14385,0.000609
14386,0.000612
14387,0.000616
14388,0.00062
14389,0.000628
14390,0.00065
14391,0.000671
14392,0.000693
14393,0.000715
14394,0.000736
14395,0.000758
14396,0.00078
14397,0.000801
14398,0.000823
14399,0.000845
14400,0.000866
14401,0.000888
14402,0.00091
14403,0.000931
14404,0.000953
14405,0.000975
14406,0.000996
14407,0.001018
14408,0.00104
14409,0.001061
14410,0.001083
14411,0.001105
14412,0.001126
14413,0.001148
14414,0.00117
14415,0.001191
14416,0.001213
14417,0.001235
14418,0.001256
14419,0.001278
14420,0.0013
14421,0.001321
14422,0.001343
14423,0.001365
14424,0.001386
14425,0.001408
14426,0.00143
14427,0.001451
14428,0.001473
14429,0.001495
14430,0.001516
14431,0.001538
14432,0.00156
14433,0.001581
14434,0.001603
14435,0.001625
14436,0.001646
14437,0.001668
14438,0.00169
14439,0.001711
14440,0.001733
14441,0.001755
14442,0.001776
14443,0.001798
14444,0.00182
14445,0.001841
14446,0.001863
14447,0.001885
14448,0.001906
14449,0.001928
14450,0.00195
14451,0.001971
14452,0.001993
14453,0.002015
14454,0.002036
14455,0.002058
14456,0.00208
14457,0.002101
14458,0.002123
14459,0.002145
14460,0.002166
14461,0.002188
14462,0.00221
14463,0.002231
14464,0.002253
14465,0.002275
14466,0.002296
14467,0.002318
14468,0.00234
14469,0.002361
14470,0.002383
14471,0.002405
14472,0.002427
14473,0.00245
14474,0.002476
14475,0.002504
14476,0.002534
14477,0.002566
14478,0.002598
14479,0.002631
14480,0.002664
14481,0.002697
14482,0.00273
14483,0.002762
14484,0.002795
14485,0.002828
14486,0.002861
14487,0.002893
14488,0.002926
14489,0.002959
14490,0.002992
14491,0.003024
14492,0.003057
14493,0.00309
14494,0.003123
14495,0.003155
14496,0.003188
14497,0.003221
14498,0.003254
14499,0.003286
14500,0.003319
14501,0.003352
14502,0.003385
14503,0.003418
14504,0.00345
14505,0.003483
14506,0.003516
14507,0.003549
14508,0.003581
14509,0.003614
14510,0.003647
14511,0.00368
14512,0.003712
14513,0.003745
14514,0.003779
14515,0.003847
14516,0.003915
14517,0.003983
14518,0.00405
14519,0.004118
14520,0.004186
14521,0.004254
14522,0.004321
14523,0.004389
14524,0.004457
14525,0.004525
14526,0.004592
14527,0.00466
14528,0.004728
14529,0.004796
14530,0.004863
14531,0.004931
14532,0.004999
14533,0.005067
14534,0.005134
14535,0.005202
14536,0.00527
14537,0.005338
14538,0.005406
14539,0.005473
14540,0.005541
14541,0.005609
14542,0.005677
14543,0.005744
14544,0.005812
14545,0.00588
14546,0.005948
14547,0.006015
14548,0.006083
14549,0.006151
14550,0.006219
14551,0.006286
14552,0.006354
14553,0.006426
14554,0.006525
14555,0.00665
14556,0.006812
14557,0.00701
14558,0.007242
14559,0.00751
14560,0.007823
14561,0.008166
14562,0.008554
14563,0.008979
14564,0.009435
14565,0.009895
14566,0.010355
14567,0.010816
14568,0.011276
14569,0.011736
14570,0.012197
14571,0.012657
14572,0.013117
14573,0.013578
14574,0.014038
14575,0.014498
14576,0.014959
14577,0.015419
14578,0.015879
14579,0.01634
14580,0.0168
14581,0.01726
14582,0.017721
14583,0.018181
14584,0.018641
14585,0.019102
14586,0.019562
14587,0.020022
14588,0.020483
14589,0.020943
14590,0.021403
14591,0.021864
14592,0.022324
14593,0.022784
14594,0.023245
14595,0.023705
14596,0.024165
14597,0.024625
14598,0.025086
14599,0.025546
14600,0.026006
14601,0.026467
14602,0.026927
14603,0.027387
14604,0.027848
14605,0.028308
14606,0.028768
14607,0.029229
14608,0.029689
14609,0.030149
14610,0.03061
14611,0.03107
14612,0.03153
14613,0.031991
14614,0.032451
14615,0.032911
14616,0.033372
14617,0.033832
14618,0.034292
14619,0.034753
14620,0.035213
14621,0.035673
14622,0.036134
14623,0.036594
14624,0.037054
14625,0.037515
14626,0.037975
14627,0.038435
14628,0.038896
14629,0.039356
14630,0.039816
14631,0.040277
14632,0.040737
14633,0.041197
14634,0.041657
14635,0.042118
14636,0.042578
14637,0.043038
14638,0.043499
14639,0.04427
14640,0.045331
14641,0.046783
14642,0.048645
14643,0.050886
14644,0.053542
14645,0.056616
14646,0.06009
14647,0.063952
14648,0.068278
14649,0.07292
14650,0.077704
14651,0.082488
14652,0.087272
14653,0.092056
14654,0.09684
14655,0.101624
14656,0.106408
14657,0.111192
14658,0.115976
14659,0.12076
14660,0.125544
14661,0.130328
14662,0.135112
14663,0.139896
14664,0.14468
14665,0.149464
14666,0.154248
14667,0.159032
14668,0.163816
14669,0.1686
14670,0.173384
14671,0.178168
14672,0.182952
14673,0.187736
14674,0.19252
14675,0.197303
14676,0.202088
14677,0.206872
14678,0.211655
14679,0.21644
14680,0.221223
14681,0.226007
14682,0.230791
14683,0.235575
14684,0.240359
14685,0.245143
14686,0.249927
14687,0.254711
14688,0.259495
14689,0.264279
14690,0.269063
14691,0.273847
14692,0.278631
14693,0.283415
14694,0.288199
14695,0.292983
14696,0.297767
14697,0.302551
14698,0.307335
14699,0.312119
14700,0.316903
14701,0.321687
14702,0.326471
14703,0.331255
14704,0.336039
14705,0.340823
14706,0.345607
14707,0.350391
14708,0.355175
14709,0.359959
14710,0.364743
14711,0.369527
14712,0.374311
14713,0.379095
14714,0.383879
14715,0.388663
14716,0.393447
14717,0.398231
14718,0.403015
14719,0.407799
14720,0.412583
14721,0.417366
14722,0.42215
14723,0.426934
14724,0.431741
14725,0.436708
14726,0.441807
14727,0.447054
14728,0.452389
14729,0.457781
14730,0.463209
14731,0.468667
14732,0.474154
14733,0.479685
14734,0.485297
14735,0.491002
14736,0.496747
14737,0.502493
14738,0.508238
14739,0.513983
14740,0.519728
14741,0.525473
14742,0.531219
14743,0.536964
14744,0.542709
14745,0.548454
14746,0.554199
14747,0.559945
14748,0.56569
14749,0.571435
14750,0.57718
14751,0.582926
14752,0.588671
14753,0.594416
14754,0.600161
14755,0.605907
14756,0.611652
14757,0.617397
14758,0.623142
14759,0.628887
14760,0.634633
14761,0.640378
14762,0.646123
14763,0.651868
14764,0.657613
14765,0.663359
14766,0.669104
14767,0.674849
14768,0.680594
14769,0.68634
14770,0.692085
14771,0.69783
14772,0.703575
14773,0.709321
14774,0.715066
14775,0.720811
14776,0.726556
14777,0.732301
14778,0.738047
14779,0.743792
14780,0.749537
14781,0.755282
14782,0.761027
14783,0.766773
14784,0.772518
14785,0.778263
14786,0.784008
14787,0.789754
14788,0.795499
14789,0.801244
14790,0.806989
14791,0.812735
14792,0.81848
14793,0.824225
14794,0.82997
14795,0.835715
14796,0.841461
14797,0.847206
14798,0.852951
14799,0.858696
14800,0.864441
14801,0.870187
14802,0.875932
14803,0.881677
14804,0.887422
14805,0.893168
14806,0.898913
14807,0.904658
14808,0.910403
14809,0.916148
14810,0.921894
14811,0.927639
14812,0.933219
14813,0.938268
14814,0.942781
14815,0.946731
14816,0.950083
14817,0.952992
14818,0.955394
14819,0.957207
14820,0.958609
14821,0.959436
14822,0.959695
14823,0.959509
14824,0.959189
14825,0.958868
14826,0.958548
14827,0.958227
14828,0.957907
14829,0.957586
14830,0.957266
14831,0.956945
14832,0.956625
14833,0.956304
14834,0.955983
14835,0.955663
14836,0.955342
14837,0.955022
14838,0.954701
14839,0.954381
14840,0.95406
14841,0.95374
14842,0.953419
14843,0.953099
14844,0.952778
14845,0.952458
14846,0.952137
14847,0.951817
14848,0.951496
14849,0.951176
14850,0.950855
14851,0.950535
14852,0.950214
14853,0.949894
14854,0.949573
14855,0.949253
14856,0.948932
14857,0.948612
14858,0.948291
14859,0.947971
14860,0.94765
14861,0.947329
14862,0.947009
14863,0.946688
14864,0.946368
14865,0.946047
14866,0.945727
14867,0.945406
14868,0.945086
14869,0.944765
14870,0.944445
14871,0.944124
14872,0.943804
14873,0.943483
14874,0.943163
14875,0.942842
14876,0.942522
14877,0.942201
14878,0.941881
14879,0.94156
14880,0.94124
14881,0.940919
14882,0.940598
14883,0.940278
14884,0.939957
14885,0.939637
14886,0.939316
14887,0.938996
14888,0.938675
14889,0.938355
14890,0.938034
14891,0.937714
14892,0.937393
14893,0.937073
14894,0.936752
14895,0.936432
14896,0.936111
14897,0.935791
14898,0.93547
14899,0.935149
14900,0.934833
14901,0.934537
14902,0.934273
14903,0.934047
14904,0.933866
14905,0.933725
14906,0.933627
14907,0.933577
14908,0.933558
14909,0.933573
14910,0.933625
14911,0.933702
14912,0.93379
14913,0.933877
14914,0.933964
14915,0.934051
14916,0.934138
14917,0.934226
14918,0.934313
14919,0.9344
14920,0.934487
14921,0.934574
14922,0.934662
14923,0.934749
14924,0.934836
14925,0.934923
14926,0.93501
14927,0.935098
14928,0.935185
14929,0.935272
14930,0.935359
14931,0.935446
14932,0.935533
14933,0.935621
14934,0.935708
14935,0.935795
14936,0.935882
14937,0.935969
14938,0.936057
14939,0.936144
14940,0.936231
14941,0.936318
14942,0.936405
14943,0.936492
14944,0.93658
14945,0.936667
14946,0.936754
14947,0.936841
14948,0.936929
14949,0.937016
14950,0.937103
14951,0.93719
14952,0.937277
14953,0.937365
14954,0.937452
14955,0.937539
14956,0.937626
14957,0.937713
14958,0.9378
14959,0.937888
14960,0.937975
14961,0.938062
14962,0.938149
14963,0.938236
14964,0.938324
14965,0.938411
14966,0.938498
14967,0.938585
14968,0.938672
14969,0.938759
14970,0.938847
14971,0.938934
14972,0.939021
14973,0.939108
14974,0.939195
14975,0.939283
14976,0.93937
14977,0.939457
14978,0.939544
14979,0.939631
14980,0.939719
14981,0.939806
14982,0.939893
14983,0.93998
14984,0.940067
14985,0.940155
14986,0.940242
14987,0.940329
14988,0.940416
14989,0.940503
14990,0.940578
14991,0.94064
14992,0.940692
14993,0.940735
14994,0.940777
14995,0.94082
14996,0.940871
14997,0.940929
14998,0.940996
14999,0.941076
15000,0.941169
15001,0.941272
15002,0.941377
15003,0.941481
15004,0.941586
15005,0.94169
15006,0.941795
15007,0.9419
15008,0.942004
15009,0.942109
15010,0.942214
15011,0.942318
15012,0.942423
15013,0.942527
15014,0.942632
15015,0.942737
15016,0.942841
15017,0.942946
15018,0.943051
15019,0.943155
15020,0.94326
15021,0.943365
15022,0.943469
15023,0.943574
15024,0.943678
15025,0.943783
15026,0.943888
15027,0.943992
15028,0.944097
15029,0.944202
15030,0.944306
15031,0.944411
15032,0.944515
15033,0.94462
15034,0.944725
15035,0.944829
15036,0.944934
15037,0.945039
15038,0.945143
15039,0.945248
15040,0.945353
15041,0.945457
15042,0.945562
15043,0.945666
15044,0.945771
15045,0.945876
15046,0.94598
15047,0.946085
15048,0.94619
15049,0.946294
15050,0.946399
15051,0.946503
15052,0.946608
15053,0.946713
15054,0.946817
15055,0.946922
15056,0.947026
15057,0.947131
15058,0.947236
15059,0.94734
15060,0.947445
15061,0.94755
15062,0.947654
15063,0.947759
15064,0.947864
15065,0.947968
15066,0.948073
15067,0.948178
15068,0.948282
15069,0.948387
15070,0.948491
15071,0.948596
15072,0.948701
15073,0.948805
15074,0.94891
15075,0.949014
15076,0.949119
15077,0.949224
15078,0.949328
15079,0.949433
15080,0.949549
15081,0.949685
15082,0.949841
15083,0.950023
15084,0.950232
15085,0.950462
15086,0.950716
15087,0.951003
15088,0.951315
15089,0.951661
15090,0.952044
15091,0.952447
15092,0.95286
15093,0.953274
15094,0.953687
15095,0.954101
15096,0.954514
15097,0.954927
15098,0.955341
15099,0.955754
15100,0.956168
15101,0.956581
15102,0.956995
15103,0.957408
15104,0.957821
15105,0.958235
15106,0.958648
15107,0.959062
15108,0.959475
15109,0.959889
15110,0.960302
15111,0.960715
15112,0.961129
15113,0.961542
15114,0.961956
15115,0.962369
15116,0.962783
15117,0.963196
15118,0.963609
15119,0.964023
15120,0.964436
15121,0.96485
15122,0.965263
15123,0.965677
15124,0.96609
15125,0.966503
15126,0.966917
15127,0.96733
15128,0.967744
15129,0.968157
15130,0.968571
15131,0.968984
15132,0.969397
15133,0.969811
15134,0.970224
15135,0.970638
15136,0.971051
15137,0.971464
15138,0.971878
15139,0.972291
15140,0.972705
15141,0.973118
15142,0.973532
15143,0.973945
15144,0.974359
15145,0.974772
15146,0.975185
15147,0.975599
15148,0.976012
15149,0.976426
15150,0.976839
15151,0.977252
15152,0.977666
15153,0.978079
15154,0.978493
15155,0.978906
15156,0.97932
15157,0.979733
15158,0.980147
15159,0.98056
15160,0.980973
15161,0.981387
15162,0.9818
15163,0.982214
15164,0.982627
15165,0.98304
15166,0.983454
15167,0.983867
15168,0.984281
15169,0.984694
15170,0.985108
15171,0.985522
15172,0.985935
15173,0.986329
15174,0.98669
15175,0.98701
15176,0.987284
15177,0.987507
15178,0.987673
15179,0.987784
15180,0.987842
15181,0.987841
15182,0.987776
15183,0.987658
15184,0.987535
15185,0.987411
15186,0.987288
15187,0.987165
15188,0.987041
15189,0.986918
15190,0.986794
15191,0.986671
15192,0.986548
15193,0.986424
15194,0.986301
15195,0.986177
15196,0.986054
15197,0.985931
15198,0.985807
15199,0.985684
15200,0.98556
15201,0.985437
15202,0.985314
15203,0.98519
15204,0.985067
15205,0.984944
15206,0.98482
15207,0.984697
15208,0.984573
15209,0.98445
15210,0.984327
15211,0.984203
15212,0.98408
15213,0.983957
15214,0.983833
15215,0.98371
15216,0.983586
15217,0.983463
15218,0.98334
15219,0.983216
15220,0.983093
15221,0.982969
15222,0.982846
15223,0.982723
15224,0.982599
15225,0.982476
15226,0.982352
15227,0.982229
15228,0.982106
15229,0.981982
15230,0.981859
15231,0.981736
15232,0.981612
15233,0.981489
15234,0.981365
15235,0.981242
15236,0.981119
15237,0.980995
15238,0.980872
15239,0.980749
15240,0.980625
15241,0.980502
15242,0.980378
15243,0.980255
15244,0.980132
15245,0.980008
15246,0.979885
15247,0.979761
15248,0.979638
15249,0.979515
15250,0.979391
15251,0.979268
15252,0.979144
15253,0.979021
15254,0.978898
15255,0.978774
15256,0.978651
15257,0.978527
15258,0.978404
15259,0.978281
15260,0.978157
15261,0.978034
15262,0.977911
15263,0.977787
15264,0.977614
15265,0.977381
15266,0.977095
15267,0.976756
15268,0.976365
15269,0.975943
15270,0.975484
15271,0.974985
15272,0.974461
15273,0.973905
15274,0.973318
15275,0.972713
15276,0.972097
15277,0.971482
15278,0.970867
15279,0.970251
15280,0.969636
15281,0.969021
15282,0.968405
15283,0.96779
15284,0.967175
15285,0.966559
15286,0.965944
15287,0.965329
15288,0.964713
15289,0.964098
15290,0.963483
15291,0.962867
15292,0.962252
15293,0.961637
15294,0.961021
15295,0.960406
15296,0.95979
15297,0.959175
15298,0.95856
15299,0.957944
15300,0.957329
15301,0.956714
15302,0.956098
15303,0.955483
15304,0.954868
15305,0.954252
15306,0.953637
15307,0.953022
15308,0.952406
15309,0.951791
15310,0.951176
15311,0.95056
15312,0.949945
15313,0.94933
15314,0.948714
15315,0.948099
15316,0.947484
15317,0.946868
15318,0.946253
15319,0.945638
15320,0.945022
15321,0.944407
15322,0.943792
15323,0.943176
15324,0.942561
15325,0.941945
15326,0.94133
15327,0.940715
15328,0.940099
15329,0.939484
15330,0.938869
15331,0.938253
15332,0.937638
15333,0.937023
15334,0.936407
15335,0.935792
15336,0.935177
15337,0.934561
15338,0.933946
15339,0.933331
15340,0.932715
15341,0.9321
15342,0.931485
15343,0.930869
15344,0.930254
15345,0.929639
15346,0.929023
15347,0.928408
15348,0.927793
15349,0.927177
15350,0.926562
15351,0.925947
15352,0.925331
15353,0.924716
15354,0.9241
15355,0.923485
15356,0.92287
15357,0.922254
15358,0.921667
15359,0.921151
15360,0.920705
15361,0.920335
15362,0.920039
15363,0.919814
15364,0.919658
15365,0.919566
15366,0.91954
15367,0.919573
15368,0.919662
15369,0.919814
15370,0.92002
15371,0.920227
15372,0.920433
15373,0.92064
15374,0.920847
15375,0.921054
15376,0.921261
15377,0.921467
15378,0.921674
15379,0.921881
15380,0.922088
15381,0.922295
15382,0.922501
15383,0.922708
15384,0.922915
15385,0.923122
15386,0.923328
15387,0.923535
15388,0.923742
15389,0.923949
15390,0.924156
15391,0.924362
15392,0.924569
15393,0.924776
15394,0.924983
15395,0.925189
15396,0.925396
15397,0.925603
15398,0.92581
15399,0.926017
15400,0.926223
15401,0.92643
15402,0.926637
15403,0.926844
15404,0.927051
15405,0.927257
15406,0.927464
15407,0.927671
15408,0.927878
15409,0.928085
15410,0.928291
15411,0.928498
15412,0.928705
15413,0.928912
15414,0.929118
15415,0.929325
15416,0.929532
15417,0.929739
15418,0.929946
15419,0.930152
15420,0.930359
15421,0.930566
15422,0.930773
15423,0.93098
15424,0.931186
15425,0.931393
15426,0.9316
15427,0.931807
15428,0.932014
15429,0.93222
15430,0.932427
15431,0.932634
15432,0.932841
15433,0.933048
15434,0.933254
15435,0.933461
15436,0.933668
15437,0.933875
15438,0.934081
15439,0.934288
15440,0.934495
15441,0.934702
15442,0.934909
15443,0.935115
15444,0.935322
15445,0.935529
15446,0.935736
15447,0.935943
15448,0.936149
15449,0.936356
15450,0.936563
15451,0.93677
15452,0.936979
15453,0.937218
15454,0.937485
15455,0.937783
15456,0.938115
15457,0.938472
15458,0.938846
15459,0.939242
15460,0.939656
15461,0.940082
15462,0.940522
15463,0.940975
15464,0.941439
15465,0.94191
15466,0.942381
15467,0.942851
15468,0.943322
15469,0.943793
15470,0.944264
15471,0.944734
15472,0.945205
15473,0.945676
15474,0.946147
15475,0.946617
15476,0.947088
15477,0.947559
15478,0.948029
15479,0.9485
15480,0.948971
15481,0.949442
15482,0.949912
15483,0.950383
15484,0.950854
15485,0.951325
15486,0.951795
15487,0.952266
15488,0.952737
15489,0.953208
15490,0.953678
15491,0.954149
15492,0.95462
15493,0.955091
15494,0.955561
15495,0.956032
15496,0.956503
15497,0.956974
15498,0.957444
15499,0.957915
15500,0.958386
15501,0.958857
15502,0.959327
15503,0.959798
15504,0.960269
15505,0.960739
15506,0.96121
15507,0.961681
15508,0.962152
15509,0.962622
15510,0.963093
15511,0.963564
15512,0.964035
15513,0.964505
15514,0.964976
15515,0.965447
15516,0.965918
15517,0.966388
15518,0.966859
15519,0.96733
15520,0.9678
15521,0.968271
15522,0.968742
15523,0.969213
15524,0.969684
15525,0.970154
15526,0.970625
15527,0.971096
15528,0.971566
15529,0.972037
15530,0.972508
15531,0.972979
15532,0.973449
15533,0.97392
15534,0.974391
15535,0.974862
15536,0.975332
15537,0.975803
15538,0.976274
15539,0.976745
15540,0.977215
15541,0.977686
15542,0.978157
15543,0.978627
15544,0.979098
15545,0.979569
15546,0.98004
15547,0.98051
15548,0.980981
15549,0.981428
15550,0.981849
15551,0.982242
15552,0.982607
15553,0.982939
15554,0.983251
15555,0.983538
15556,0.983802
15557,0.984048
15558,0.984273
15559,0.984478
15560,0.984665
15561,0.98484
15562,0.985014
15563,0.985189
15564,0.985363
15565,0.985537
15566,0.985712
15567,0.985886
15568,0.98606
15569,0.986235
15570,0.986409
15571,0.986583
15572,0.986758
15573,0.986932
15574,0.987106
15575,0.987281
15576,0.987455
15577,0.987629
15578,0.987804
15579,0.987978
15580,0.988152
15581,0.988327
15582,0.988501
15583,0.988676
15584,0.98885
15585,0.989024
15586,0.989198
15587,0.989373
15588,0.989547
15589,0.989722
15590,0.989896
15591,0.99007
15592,0.990245
15593,0.990419
15594,0.990593
15595,0.990768
15596,0.990942
15597,0.991116
15598,0.991291
15599,0.991465
15600,0.991639
15601,0.991814
15602,0.991988
15603,0.992162
15604,0.992337
15605,0.992511
15606,0.992685
15607,0.99286
15608,0.993034
15609,0.993209
15610,0.993383
15611,0.993557
15612,0.993731
15613,0.993906
15614,0.99408
15615,0.994255
15616,0.994429
15617,0.994603
15618,0.994778
15619,0.994952
15620,0.995126
15621,0.995301
15622,0.995475
15623,0.995649
15624,0.995824
15625,0.995998
15626,0.996172
15627,0.996347
15628,0.996521
15629,0.996695
15630,0.99687
15631,0.997044
15632,0.997219
15633,0.997393
15634,0.997567
15635,0.997741
15636,0.997916
15637,0.99809
15638,0.998265
15639,0.998439
15640,0.998613
15641,0.998788
15642,0.998962
15643,0.999136
15644,0.999311
15645,0.999485
15646,0.999642
15647,0.999768
15648,0.999865
15649,0.999935
15650,0.999979
15651,1
15652,0.999997
15653,0.999967
15654,0.999909
15655,0.999825
15656,0.999711
15657,0.999572
15658,0.999414
15659,0.99925
15660,0.999086
15661,0.998922
15662,0.998758
15663,0.998594
15664,0.99843
15665,0.998266
15666,0.998102
15667,0.997938
15668,0.997775
15669,0.997611
15670,0.997447
15671,0.997283
15672,0.997119
15673,0.996955
15674,0.996791
15675,0.996627
15676,0.996463
15677,0.996299
15678,0.996135
15679,0.995972
15680,0.995808
15681,0.995644
15682,0.99548
15683,0.995316
15684,0.995152
15685,0.994988
15686,0.994824
15687,0.99466
15688,0.994496
15689,0.994332
15690,0.994169
15691,0.994005
15692,0.993841
15693,0.993677
15694,0.993513
15695,0.993349
15696,0.993185
15697,0.993021
15698,0.992857
15699,0.992693
15700,0.992529
15701,0.992365
15702,0.992201
15703,0.992038
15704,0.991874
15705,0.99171
15706,0.991546
15707,0.991382
15708,0.991218
15709,0.991054
15710,0.99089
15711,0.990726
15712,0.990562
15713,0.990398
15714,0.990235
15715,0.990071
15716,0.989907
15717,0.989743
15718,0.989579
15719,0.989415
15720,0.989251
15721,0.989087
15722,0.988923
15723,0.988759
15724,0.988595
15725,0.988432
15726,0.988268
15727,0.988104
15728,0.98794
15729,0.987776
15730,0.987612
15731,0.987448
15732,0.987284
15733,0.98712
15734,0.986956
15735,0.986792
15736,0.986628
15737,0.986464
15738,0.986301
15739,0.986137
15740,0.985973
15741,0.985809
15742,0.985645
15743,0.985481
15744,0.985317
15745,0.985151
15746,0.984963
15747,0.984749
15748,0.984507
15749,0.984239
15750,0.983941
15751,0.983613
15752,0.983261
15753,0.982888
15754,0.982503
15755,0.982103
15756,0.98168
15757,0.981231
15758,0.980772
15759,0.980313
15760,0.979853
15761,0.979394
15762,0.978935
15763,0.978475
15764,0.978016
15765,0.977557
15766,0.977097
15767,0.976638
15768,0.976179
15769,0.975719
15770,0.97526
15771,0.974801
15772,0.974342
15773,0.973882
15774,0.973423
15775,0.972964
15776,0.972504
15777,0.972045
15778,0.971586
15779,0.971127
15780,0.970667
15781,0.970208
15782,0.969749
15783,0.969289
15784,0.96883
15785,0.968371
15786,0.967911
15787,0.967452
15788,0.966993
15789,0.966534
15790,0.966074
15791,0.965615
15792,0.965156
15793,0.964696
15794,0.964237
15795,0.963778
15796,0.963318
15797,0.962859
15798,0.9624
15799,0.96194
15800,0.961481
15801,0.961022
15802,0.960562
15803,0.960103
15804,0.959644
15805,0.959185
15806,0.958725
15807,0.958266
15808,0.957807
15809,0.957347
15810,0.956888
15811,0.956429
15812,0.95597
15813,0.95551
15814,0.955051
15815,0.954592
15816,0.954132
15817,0.953673
15818,0.953214
15819,0.952754
15820,0.952295
15821,0.951836
15822,0.951376
15823,0.950917
15824,0.950458
15825,0.949998
15826,0.949539
15827,0.94908
15828,0.948621
15829,0.948161
15830,0.947702
15831,0.947243
15832,0.946783
15833,0.946324
15834,0.945865
15835,0.945406
15836,0.944946
15837,0.944487
15838,0.944028
15839,0.943568
15840,0.943109
15841,0.94265
15842,0.94219
15843,0.941731
15844,0.941283
15845,0.940859
15846,0.940456
15847,0.940089
15848,0.939754
15849,0.939452
15850,0.939179
15851,0.93895
15852,0.938761
15853,0.938602
15854,0.938484
15855,0.938411
15856,0.93837
15857,0.938353
15858,0.938335
15859,0.938318
15860,0.9383
15861,0.938283
15862,0.938265
15863,0.938248
15864,0.938231
15865,0.938213
15866,0.938196
15867,0.938178
15868,0.938161
15869,0.938143
15870,0.938126
15871,0.938108
15872,0.938091
15873,0.938073
15874,0.938056
15875,0.938038
15876,0.938021
15877,0.938003
15878,0.937986
15879,0.937968
15880,0.937951
15881,0.937933
15882,0.937916
15883,0.937898
15884,0.937881
15885,0.937864
15886,0.937846
15887,0.937829
15888,0.937811
15889,0.937794
15890,0.937776
15891,0.937759
15892,0.937741
15893,0.937724
15894,0.937706
15895,0.937689
15896,0.937671
15897,0.937654
15898,0.937636
15899,0.937619
15900,0.937601
15901,0.937584
15902,0.937566
15903,0.937549
15904,0.937532
15905,0.937514
15906,0.937497
15907,0.937479
15908,0.937462
15909,0.937444
15910,0.937427
15911,0.937409
15912,0.937392
15913,0.937374
15914,0.937357
15915,0.937339
15916,0.937322
15917,0.937304
15918,0.937287
15919,0.937269
15920,0.937252
15921,0.937234
15922,0.937217
15923,0.937199
15924,0.937182
15925,0.937165
15926,0.937147
15927,0.93713
15928,0.937112
15929,0.937095
15930,0.937077
15931,0.93706
15932,0.937042
15933,0.937025
15934,0.937007
15935,0.93699
15936,0.936972
15937,0.936955
15938,0.936937
15939,0.93692
15940,0.936902
15941,0.936885
15942,0.936867
15943,0.93685
15944,0.936832
15945,0.936819
15946,0.936834
15947,0.936878
15948,0.936952
15949,0.937056
15950,0.937189
15951,0.937341
15952,0.937512
15953,0.937701
15954,0.937904
15955,0.938115
15956,0.938335
15957,0.938569
15958,0.938817
15959,0.939071
15960,0.939324
15961,0.939577
15962,0.939831
15963,0.940084
15964,0.940338
15965,0.940591
15966,0.940844
15967,0.941098
15968,0.941351
15969,0.941604
15970,0.941858
15971,0.942111
15972,0.942365
15973,0.942618
15974,0.942871
15975,0.943125
15976,0.943378
15977,0.943631
15978,0.943885
15979,0.944138
15980,0.944392
15981,0.944645
15982,0.944898
15983,0.945152
15984,0.945405
15985,0.945658
15986,0.945912
15987,0.946165
15988,0.946418
15989,0.946672
15990,0.946925
15991,0.947179
15992,0.947432
15993,0.947685
15994,0.947939
15995,0.948192
15996,0.948445
15997,0.948699
15998,0.948952
15999,0.949205
16000,0.949459
16001,0.949712
16002,0.949966
16003,0.950219
16004,0.950472
16005,0.950726
16006,0.950979
16007,0.951232
16008,0.951486
16009,0.951739
16010,0.951992
16011,0.952246
16012,0.952499
16013,0.952753
16014,0.953006
16015,0.953259
16016,0.953513
16017,0.953766
16018,0.954019
16019,0.954273
16020,0.954526
16021,0.954779
16022,0.955033
16023,0.955286
16024,0.955539
16025,0.955793
16026,0.956046
16027,0.9563
16028,0.956553
16029,0.956806
16030,0.95706
16031,0.957313
16032,0.957566
16033,0.95782
16034,0.958073
16035,0.958326
16036,0.95858
16037,0.958833
16038,0.959087
16039,0.95934
16040,0.959593
16041,0.959847
16042,0.9601
16043,0.960353
16044,0.960607
16045,0.96086
16046,0.961114
16047,0.961367
16048,0.961592
16049,0.961777
16050,0.961925
16051,0.962029
16052,0.962093
16053,0.962119
16054,0.962115
16055,0.962066
16056,0.961981
16057,0.961869
16058,0.961721
16059,0.961536
16060,0.961324
16061,0.96109
16062,0.960856
16063,0.960621
16064,0.960387
16065,0.960153
16066,0.959919
16067,0.959685
16068,0.95945
16069,0.959216
16070,0.958982
16071,0.958747
16072,0.958513
16073,0.958279
16074,0.958045
16075,0.957811
16076,0.957576
16077,0.957342
16078,0.957108
16079,0.956874
16080,0.956639
16081,0.956405
16082,0.956171
16083,0.955937
16084,0.955703
16085,0.955468
16086,0.955234
16087,0.955
16088,0.954766
16089,0.954531
16090,0.954297
16091,0.954063
16092,0.953829
16093,0.953594
16094,0.95336
16095,0.953126
16096,0.952892
16097,0.952657
16098,0.952423
16099,0.952189
16100,0.951955
16101,0.95172
16102,0.951486
16103,0.951252
16104,0.951018
16105,0.950784
16106,0.950549
16107,0.950315
16108,0.950081
16109,0.949847
16110,0.949612
16111,0.949378
16112,0.949144
16113,0.94891
16114,0.948675
16115,0.948441
16116,0.948207
16117,0.947973
16118,0.947738
16119,0.947504
16120,0.94727
16121,0.947036
16122,0.946801
16123,0.946567
16124,0.946333
16125,0.946099
16126,0.945864
16127,0.94563
16128,0.945396
16129,0.945162
16130,0.944928
16131,0.944693
16132,0.944459
16133,0.944225
16134,0.943991
16135,0.943756
16136,0.943522
16137,0.943288
16138,0.943054
16139,0.942819
16140,0.942585
16141,0.942351
16142,0.942117
16143,0.941882
16144,0.941648
16145,0.941414
16146,0.94118
16147,0.940945
16148,0.940711
16149,0.940477
16150,0.940243
16151,0.940007
16152,0.939766
16153,0.93952
16154,0.93927
16155,0.939016
16156,0.93876
16157,0.938503
16158,0.938244
16159,0.937984
16160,0.937723
16161,0.937459
16162,0.937192
16163,0.936924
16164,0.936655
16165,0.936386
16166,0.936118
16167,0.935849
16168,0.93558
16169,0.935311
16170,0.935042
16171,0.934774
16172,0.934505
16173,0.934236
16174,0.933967
16175,0.933698
16176,0.93343
16177,0.933161
16178,0.932892
16179,0.932623
16180,0.932354
16181,0.932086
16182,0.931817
16183,0.931548
16184,0.931279
16185,0.93101
16186,0.930742
16187,0.930473
16188,0.930204
16189,0.929935
16190,0.929666
16191,0.929398
16192,0.929129
16193,0.92886
16194,0.928591
16195,0.928322
16196,0.928054
16197,0.927785
16198,0.927516
16199,0.927247
16200,0.926978
16201,0.92671
16202,0.926441
16203,0.926172
16204,0.925903
16205,0.925634
16206,0.925366
16207,0.925097
16208,0.924828
16209,0.924559
16210,0.92429
16211,0.924022
16212,0.923753
16213,0.923484
16214,0.923215
16215,0.922946
16216,0.922678
16217,0.922409
16218,0.92214
16219,0.921871
16220,0.921602
16221,0.921334
16222,0.921065
16223,0.920796
16224,0.920527
16225,0.920258
16226,0.91999
16227,0.919721
16228,0.919452
16229,0.919183
16230,0.918914
16231,0.918646
16232,0.918377
16233,0.918108
16234,0.917839
16235,0.91757
16236,0.917302
16237,0.917033
16238,0.916764
16239,0.916495
16240,0.916226
16241,0.915958
16242,0.915689
16243,0.91542
16244,0.915151
16245,0.914882
16246,0.914614
16247,0.914345
16248,0.914076
16249,0.913807
16250,0.913538
16251,0.91327
16252,0.913001
16253,0.912732
16254,0.912463
16255,0.912194
16256,0.911926
16257,0.911666
16258,0.911421
16259,0.911191
16260,0.91098
16261,0.910784
16262,0.910606
16263,0.910441
16264,0.910296
16265,0.910168
16266,0.910052
16267,0.90995
16268,0.909863
16269,0.90979
16270,0.909728
16271,0.909668
16272,0.909608
16273,0.909548
16274,0.909488
16275,0.909428
16276,0.909367
16277,0.909307
16278,0.909247
16279,0.909187
16280,0.909127
16281,0.909067
16282,0.909007
16283,0.908947
16284,0.908887
16285,0.908827
16286,0.908767
16287,0.908707
16288,0.908647
16289,0.908586
16290,0.908526
16291,0.908466
16292,0.908406
16293,0.908346
16294,0.908286
16295,0.908226
16296,0.908166
16297,0.908106
16298,0.908046
16299,0.907986
16300,0.907926
16301,0.907865
16302,0.907805
16303,0.907745
16304,0.907685
16305,0.907625
16306,0.907565
16307,0.907505
16308,0.907445
16309,0.907385
16310,0.907325
16311,0.907265
16312,0.907205
16313,0.907145
16314,0.907084
16315,0.907025
16316,0.906964
16317,0.906904
16318,0.906844
16319,0.906784
16320,0.906724
16321,0.906664
16322,0.906604
16323,0.906544
16324,0.906484
16325,0.906424
16326,0.906364
16327,0.906304
16328,0.906243
16329,0.906183
16330,0.906123
16331,0.906063
16332,0.906003
16333,0.905943
16334,0.905883
16335,0.905823
16336,0.905763
16337,0.905703
16338,0.905643
16339,0.905583
16340,0.905523
16341,0.905462
16342,0.905402
16343,0.905342
16344,0.905282
16345,0.905222
16346,0.905162
16347,0.905102
16348,0.905042
16349,0.904982
16350,0.904922
16351,0.904862
16352,0.904802
16353,0.904742
16354,0.904682
16355,0.904621
16356,0.904561
16357,0.904501
16358,0.904441
16359,0.904381
16360,0.904321
16361,0.904261
16362,0.904201
16363,0.904134
16364,0.904045
16365,0.903937
16366,0.903799
16367,0.903628
16368,0.903423
16369,0.90319
16370,0.902921
16371,0.902618
16372,0.902279
16373,0.901914
16374,0.901515
16375,0.901083
16376,0.900624
16377,0.900148
16378,0.899671
16379,0.899195
16380,0.898719
16381,0.898242
16382,0.897766
16383,0.897289
16384,0.896813
16385,0.896336
16386,0.89586
16387,0.895383
16388,0.894907
16389,0.894431
16390,0.893954
16391,0.893478
16392,0.893001
16393,0.892525
16394,0.892049
16395,0.891572
16396,0.891096
16397,0.890619
16398,0.890143
16399,0.889666
16400,0.88919
16401,0.888713
16402,0.888237
16403,0.88776
16404,0.887284
16405,0.886808
16406,0.886331
16407,0.885855
16408,0.885378
16409,0.884902
16410,0.884425
16411,0.883949
16412,0.883473
16413,0.882996
16414,0.88252
16415,0.882043
16416,0.881567
16417,0.88109
16418,0.880614
16419,0.880138
16420,0.879661
16421,0.879185
16422,0.878708
16423,0.878232
16424,0.877755
16425,0.877279
16426,0.876802
16427,0.876326
16428,0.87585
16429,0.875373
16430,0.874897
16431,0.87442
16432,0.873944
16433,0.873467
16434,0.872991
16435,0.872514
16436,0.872038
16437,0.871562
16438,0.871085
16439,0.870609
16440,0.870132
16441,0.869656
16442,0.869179
16443,0.868703
16444,0.868227
16445,0.86775
16446,0.867274
16447,0.866797
16448,0.866321
16449,0.865844
16450,0.865368
16451,0.864892
16452,0.864415
16453,0.863939
16454,0.863462
16455,0.862986
16456,0.862509
16457,0.862033
16458,0.861556
16459,0.86108
16460,0.860603
16461,0.860127
16462,0.859651
16463,0.859174
16464,0.858698
16465,0.858221
16466,0.857745
16467,0.857268
16468,0.856792
16469,0.856316
16470,0.855839
16471,0.855389
16472,0.854962
16473,0.854561
16474,0.854194
16475,0.853864
16476,0.853574
16477,0.853318
16478,0.853107
16479,0.85295
16480,0.852831
16481,0.852764
16482,0.852745
16483,0.852767
16484,0.852818
16485,0.852881
16486,0.852945
16487,0.853008
16488,0.853071
16489,0.853135
16490,0.853198
16491,0.853261
16492,0.853324
16493,0.853388
16494,0.853451
16495,0.853514
16496,0.853577
16497,0.853641
16498,0.853704
16499,0.853767
16500,0.853831
16501,0.853894
16502,0.853957
16503,0.85402
16504,0.854084
16505,0.854147
16506,0.85421
16507,0.854273
16508,0.854337
16509,0.8544
16510,0.854463
16511,0.854526
16512,0.85459
16513,0.854653
16514,0.854716
16515,0.85478
16516,0.854843
16517,0.854906
16518,0.854969
16519,0.855033
16520,0.855096
16521,0.855159
16522,0.855222
16523,0.855286
16524,0.855349
16525,0.855412
16526,0.855476
16527,0.855539
16528,0.855602
16529,0.855665
16530,0.855729
16531,0.855792
16532,0.855855
16533,0.855919
16534,0.855982
16535,0.856045
16536,0.856108
16537,0.856172
16538,0.856235
16539,0.856298
16540,0.856361
16541,0.856425
16542,0.856488
16543,0.856551
16544,0.856614
16545,0.856678
16546,0.856741
16547,0.856804
16548,0.856868
16549,0.856931
16550,0.856994
16551,0.857057
16552,0.857121
16553,0.857184
16554,0.857247
16555,0.85731
16556,0.857374
16557,0.857437
16558,0.8575
16559,0.857564
16560,0.857627
16561,0.85769
16562,0.857753
16563,0.857817
16564,0.85788
16565,0.857943
16566,0.858007
16567,0.85807
16568,0.858133
16569,0.858196
16570,0.85826
16571,0.858323
16572,0.858386
16573,0.858449
16574,0.858513
16575,0.858576
16576,0.858639
16577,0.858703
16578,0.858766
16579,0.858829
16580,0.858847
16581,0.858802
16582,0.8587
16583,0.85851
16584,0.858226
16585,0.857838
16586,0.857366
16587,0.856775
16588,0.856063
16589,0.855224
16590,0.854279
16591,0.853198
16592,0.852
16593,0.850719
16594,0.849377
16595,0.848035
16596,0.846693
16597,0.845351
16598,0.844009
16599,0.842667
16600,0.841325
16601,0.839984
16602,0.838642
16603,0.8373
16604,0.835958
16605,0.834616
16606,0.833274
16607,0.831932
16608,0.83059
16609,0.829249
16610,0.827907
16611,0.826565
16612,0.825223
16613,0.823881
16614,0.822539
16615,0.821197
16616,0.819855
16617,0.818514
16618,0.817172
16619,0.81583
16620,0.814488
16621,0.813146
16622,0.811804
16623,0.810462
16624,0.80912
16625,0.807778
16626,0.806437
16627,0.805095
16628,0.803753
16629,0.802411
16630,0.801069
16631,0.799727
16632,0.798385
16633,0.797043
16634,0.795701
16635,0.794359
16636,0.793018
16637,0.791676
16638,0.790334
16639,0.788992
16640,0.78765
16641,0.786308
16642,0.784966
16643,0.783624
16644,0.782282
16645,0.780941
16646,0.779599
16647,0.778257
16648,0.776915
16649,0.775573
16650,0.774231
16651,0.772889
16652,0.771547
16653,0.770206
16654,0.768864
16655,0.767522
16656,0.76618
16657,0.764838
16658,0.763496
16659,0.762154
16660,0.760812
16661,0.759471
16662,0.758129
16663,0.756787
16664,0.755445
16665,0.754103
16666,0.752761
16667,0.751419
16668,0.750077
16669,0.748735
16670,0.747394
16671,0.746052
16672,0.74471
16673,0.743368
16674,0.742026
16675,0.740684
16676,0.739342
16677,0.738
16678,0.736658
16679,0.735317
16680,0.733975
16681,0.732633
16682,0.731291
16683,0.729949
16684,0.728607
16685,0.727265
16686,0.725923
16687,0.724581
16688,0.72324
16689,0.721898
16690,0.720556
16691,0.719032
16692,0.717287
16693,0.715364
16694,0.713214
16695,0.710865
16696,0.708329
16697,0.705658
16698,0.702814
16699,0.699801
16700,0.696627
16701,0.69333
16702,0.689851
16703,0.686213
16704,0.682454
16705,0.678583
16706,0.674713
16707,0.670843
16708,0.666973
16709,0.663103
16710,0.659232
16711,0.655362
16712,0.651492
16713,0.647622
16714,0.643752
16715,0.639882
16716,0.636011
16717,0.632141
16718,0.628271
16719,0.624401
16720,0.620531
16721,0.616661
16722,0.61279
16723,0.60892
16724,0.60505
16725,0.60118
16726,0.59731
16727,0.59344
16728,0.589569
16729,0.585699
16730,0.581829
16731,0.577959
16732,0.574089
16733,0.570218
16734,0.566348
16735,0.562478
16736,0.558608
16737,0.554738
16738,0.550868
16739,0.546998
16740,0.543127
16741,0.539257
16742,0.535387
16743,0.531517
16744,0.527647
16745,0.523776
16746,0.519906
16747,0.516036
16748,0.512166
16749,0.508296
16750,0.504426
16751,0.500555
16752,0.496685
16753,0.492815
16754,0.488945
16755,0.485075
16756,0.481204
16757,0.477334
16758,0.473464
16759,0.469594
16760,0.465724
16761,0.461854
16762,0.457983
16763,0.454113
16764,0.450243
16765,0.446373
16766,0.442503
16767,0.438633
16768,0.434762
16769,0.430892
16770,0.427022
16771,0.423152
16772,0.419282
16773,0.415412
16774,0.411542
16775,0.407671
16776,0.403801
16777,0.399931
16778,0.396061
16779,0.392191
16780,0.38832
16781,0.38445
16782,0.38058
16783,0.37671
16784,0.37284
16785,0.36897
16786,0.365099
16787,0.361229
16788,0.357359
16789,0.353489
16790,0.349619
16791,0.345749
16792,0.341878
16793,0.338008
16794,0.334138
16795,0.330268
16796,0.326398
16797,0.322528
16798,0.318657
16799,0.314787
16800,0.310917
16801,0.307047
16802,0.303177
16803,0.299418
16804,0.295818
16805,0.292338
16806,0.289037
16807,0.285905
16808,0.282937
16809,0.280093
16810,0.277415
16811,0.2749
16812,0.272549
16813,0.270319
16814,0.268247
16815,0.266338
16816,0.264558
16817,0.262894
16818,0.261238
16819,0.259581
16820,0.257925
16821,0.256268
16822,0.254612
16823,0.252955
16824,0.251299
16825,0.249643
16826,0.247986
16827,0.24633
16828,0.244673
16829,0.243017
16830,0.241361
16831,0.239704
16832,0.238048
16833,0.236391
16834,0.234735
16835,0.233078
16836,0.231422
16837,0.229766
16838,0.228109
16839,0.226453
16840,0.224797
16841,0.22314
16842,0.221484
16843,0.219827
16844,0.218171
16845,0.216514
16846,0.214858
16847,0.213202
16848,0.211545
16849,0.209889
16850,0.208232
16851,0.206576
16852,0.20492
16853,0.203263
16854,0.201607
16855,0.19995
16856,0.198294
16857,0.196637
16858,0.194981
16859,0.193325
16860,0.191668
16861,0.190012
16862,0.188355
16863,0.186699
16864,0.185043
16865,0.183386
16866,0.18173
16867,0.180073
16868,0.178417
16869,0.17676
16870,0.175104
16871,0.173448
16872,0.171791
16873,0.170135
16874,0.168478
16875,0.166822
16876,0.165166
16877,0.163509
16878,0.161853
16879,0.160196
16880,0.15854
16881,0.156884
16882,0.155227
16883,0.153571
16884,0.151914
16885,0.150258
16886,0.148601
16887,0.146945
16888,0.145289
16889,0.143632
16890,0.141976
16891,0.140319
16892,0.138663
16893,0.137007
16894,0.13535
16895,0.133694
16896,0.132037
16897,0.130381
16898,0.128725
16899,0.127068
16900,0.125412
16901,0.123755
16902,0.122099
16903,0.120442
16904,0.118786
16905,0.11713
16906,0.115473
16907,0.113817
16908,0.11216
16909,0.110504
16910,0.108848
16911,0.107191
16912,0.105535
16913,0.103878
16914,0.102222
16915,0.100566
16916,0.098938
16917,0.097404
16918,0.095935
16919,0.094551
16920,0.09325
16921,0.092031
16922,0.090892
16923,0.089811
16924,0.088809
16925,0.08789
16926,0.087027
16927,0.086241
16928,0.085531
16929,0.0849
16930,0.084328
16931,0.083805
16932,0.083281
16933,0.082757
16934,0.082234
16935,0.08171
16936,0.081186
16937,0.080663
16938,0.080139
16939,0.079615
16940,0.079091
16941,0.078568
16942,0.078044
16943,0.07752
16944,0.076997
16945,0.076473
16946,0.075949
16947,0.075425
16948,0.074902
16949,0.074378
16950,0.073854
16951,0.073331
16952,0.072807
16953,0.072283
16954,0.071759
16955,0.071236
16956,0.070712
16957,0.070188
16958,0.069665
16959,0.069141
16960,0.068617
16961,0.068094
16962,0.06757
16963,0.067046
16964,0.066522
16965,0.065999
16966,0.065475
16967,0.064951
16968,0.064428
16969,0.063904
16970,0.06338
16971,0.062856
16972,0.062333
16973,0.061809
16974,0.061285
16975,0.060762
16976,0.060238
16977,0.059714
16978,0.05919
16979,0.058667
16980,0.058143
16981,0.057619
16982,0.057096
16983,0.056572
16984,0.056048
16985,0.055524
16986,0.055001
16987,0.054477
16988,0.053953
16989,0.05343
16990,0.052906
16991,0.052382
16992,0.051859
16993,0.051335
16994,0.050811
16995,0.050287
16996,0.049764
16997,0.04924
16998,0.048716
16999,0.048193
17000,0.047669
17001,0.047145
17002,0.046621
17003,0.046098
17004,0.045574
17005,0.04505
17006,0.044527
17007,0.044003
17008,0.043479
17009,0.042955
17010,0.042432
17011,0.041908
17012,0.041384
17013,0.040861
17014,0.040337
17015,0.039813
17016,0.039289
17017,0.038766
17018,0.038242
17019,0.037718
17020,0.037195
17021,0.036671
17022,0.036147
17023,0.035624
17024,0.0351
17025,0.034576
17026,0.034052
17027,0.033529
17028,0.033005
17029,0.032481
17030,0.031958
17031,0.031438
17032,0.030947
17033,0.030475
17034,0.030031
17035,0.029613
17036,0.029221
17037,0.028854
17038,0.028505
17039,0.028181
17040,0.027882
17041,0.027607
17042,0.02735
17043,0.027117
17044,0.026911
17045,0.026725
17046,0.02656
17047,0.026396
17048,0.026233
17049,0.026069
17050,0.025905
17051,0.025741
17052,0.025578
17053,0.025414
17054,0.02525
17055,0.025087
17056,0.024923
17057,0.024759
17058,0.024595
17059,0.024432
17060,0.024268
17061,0.024104
17062,0.023941
17063,0.023777
17064,0.023613
17065,0.023449
17066,0.023286
17067,0.023122
17068,0.022958
17069,0.022795
17070,0.022631
17071,0.022467
17072,0.022303
17073,0.02214
17074,0.021976
17075,0.021812
17076,0.021649
17077,0.021485
17078,0.021321
17079,0.021157
17080,0.020994
17081,0.02083
17082,0.020666
17083,0.020503
17084,0.020339
17085,0.020175
17086,0.020011
17087,0.019848
17088,0.019684
17089,0.01952
17090,0.019357
17091,0.019193
17092,0.019029
17093,0.018865
17094,0.018702
17095,0.018538
17096,0.018374
17097,0.018211
17098,0.018047
17099,0.017883
17100,0.017719
17101,0.017556
17102,0.017392
17103,0.017228
17104,0.017065
17105,0.016901
17106,0.016737
17107,0.016574
17108,0.01641
17109,0.016246
17110,0.016082
17111,0.015919
17112,0.015755
17113,0.015591
17114,0.015428
17115,0.015264
17116,0.0151
17117,0.014936
17118,0.014773
17119,0.014609
17120,0.014445
17121,0.014282
17122,0.014118
17123,0.013954
17124,0.01379
17125,0.013627
17126,0.013463
17127,0.013299
17128,0.013136
17129,0.012972
17130,0.012808
17131,0.012644
17132,0.012481
17133,0.012317
17134,0.012153
17135,0.01199
17136,0.011826
17137,0.011662
17138,0.011498
17139,0.011335
17140,0.011171
17141,0.011007
17142,0.010844
17143,0.01068
17144,0.010516
17145,0.010352
17146,0.010189
17147,0.010025
17148,0.009861
17149,0.009706
17150,0.009558
17151,0.009418
17152,0.009288
17153,0.009166
17154,0.009052
17155,0.008945
17156,0.008846
17157,0.008755
17158,0.008671
17159,0.008594
17160,0.008525
17161,0.008463
17162,0.008409
17163,0.008361
17164,0.008316
17165,0.008271
17166,0.008226
17167,0.008182
17168,0.008137
17169,0.008092
17170,0.008047
17171,0.008003
17172,0.007958
17173,0.007913
17174,0.007868
17175,0.007824
17176,0.007779
17177,0.007734
17178,0.007689
17179,0.007645
17180,0.0076
17181,0.007555
17182,0.00751
17183,0.007465
17184,0.007421
17185,0.007376
17186,0.007331
17187,0.007286
17188,0.007242
17189,0.007197
17190,0.007152
17191,0.007107
17192,0.007063
17193,0.007018
17194,0.006973
17195,0.006928
17196,0.006884
17197,0.006839
17198,0.006794
17199,0.006749
17200,0.006704
17201,0.00666
17202,0.006615
17203,0.00657
17204,0.006525
17205,0.006481
17206,0.006436
17207,0.006391
17208,0.006346
17209,0.006302
17210,0.006257
17211,0.006212
17212,0.006169
17213,0.006128
17214,0.006086
17215,0.006044
17216,0.006003
17217,0.005961
17218,0.005919
17219,0.005878
17220,0.005836
17221,0.005795
17222,0.005753
17223,0.005711
17224,0.00567
17225,0.005628
17226,0.005586
17227,0.005545
17228,0.005503
17229,0.005461
17230,0.00542
17231,0.005378
17232,0.005337
17233,0.005295
17234,0.005253
17235,0.005212
17236,0.00517
17237,0.005128
17238,0.005087
17239,0.005045
17240,0.005003
17241,0.004962
17242,0.00492
17243,0.004879
17244,0.004837
17245,0.004795
17246,0.004754
17247,0.004712
17248,0.00467
17249,0.004629
17250,0.004587
17251,0.004545
17252,0.004504
17253,0.004462
17254,0.004421
17255,0.004379
17256,0.004337
17257,0.004296
17258,0.004254
17259,0.004212
17260,0.004171
17261,0.004129
17262,0.004087
17263,0.004046
17264,0.004004
17265,0.003963
17266,0.003921
17267,0.00388
17268,0.00384
17269,0.003803
17270,0.003768
17271,0.003735
17272,0.003705
17273,0.003676
17274,0.00365
17275,0.003625
17276,0.003603
17277,0.003583
17278,0.003564
17279,0.003548
17280,0.003533
17281,0.00352
17282,0.003509
17283,0.003497
17284,0.003486
17285,0.003475
17286,0.003464
17287,0.003452
17288,0.003441
17289,0.00343
17290,0.003418
17291,0.003407
17292,0.003396
17293,0.003384
17294,0.003373
17295,0.003362
17296,0.003351
17297,0.003339
17298,0.003328
17299,0.003317
17300,0.003305
17301,0.003294
17302,0.003283
17303,0.003271
17304,0.00326
17305,0.003249
17306,0.003238
17307,0.003226
17308,0.003215
17309,0.003204
17310,0.003192
17311,0.003181
17312,0.00317
17313,0.003158
17314,0.003147
17315,0.003136
17316,0.003125
17317,0.003113
17318,0.003102
17319,0.003091
17320,0.003079
17321,0.003068
17322,0.003057
17323,0.003045
17324,0.003034
17325,0.003023
17326,0.003012
17327,0.003
17328,0.002989
17329,0.002978
17330,0.002966
17331,0.002955
17332,0.002944
17333,0.002932
17334,0.002921
17335,0.00291
17336,0.002899
17337,0.002887
17338,0.002876
17339,0.002865
17340,0.002853
17341,0.002842
17342,0.002831
17343,0.002819
17344,0.002808
17345,0.002797
17346,0.002786
17347,0.002774
17348,0.002763
17349,0.002752
17350,0.00274
17351,0.002729
17352,0.002718
17353,0.002706
17354,0.002695
17355,0.002684
17356,0.002673
17357,0.002661
17358,0.00265
17359,0.002639
17360,0.002627
17361,0.002616
17362,0.002605
17363,0.002593
17364,0.002582
17365,0.002571
17366,0.00256
17367,0.002548
17368,0.002537
17369,0.002526
17370,0.002514
17371,0.002503
17372,0.002492
17373,0.00248
17374,0.002469
17375,0.002458
17376,0.002447
17377,0.002435
17378,0.002424
17379,0.002413
17380,0.002401
17381,0.00239
17382,0.002379
17383,0.002367
17384,0.002356
17385,0.002345
17386,0.002334
17387,0.002322
17388,0.002311
17389,0.0023
17390,0.002291
17391,0.002299
17392,0.002297
17393,0.00229
17394,0.002284
17395,0.002278
17396,0.002272
17397,0.002266
17398,0.00226
17399,0.002255
17400,0.00225
17401,0.002245
17402,0.00224
17403,0.002235
17404,0.00223
17405,0.002225
17406,0.00222
17407,0.002215
17408,0.002209
17409,0.002204
17410,0.002199
17411,0.002194
17412,0.002189
17413,0.002184
17414,0.002179
17415,0.002174
17416,0.002169
17417,0.002164
17418,0.002159
17419,0.002154
17420,0.002149
17421,0.002143
17422,0.002138
17423,0.002133
17424,0.002128
17425,0.002123
17426,0.002118
17427,0.002113
17428,0.002108
17429,0.002103
17430,0.002098
17431,0.002093
17432,0.002088
17433,0.002083
17434,0.002077
17435,0.002072
17436,0.002067
17437,0.002062
17438,0.002057
17439,0.002052
17440,0.002047
17441,0.002042
17442,0.002037
17443,0.002032
17444,0.002027
17445,0.002022
17446,0.002017
17447,0.002011
17448,0.002006
17449,0.002001
17450,0.001996
17451,0.001991
17452,0.001986
17453,0.001981
17454,0.001976
17455,0.001971
17456,0.001966
17457,0.001961
17458,0.001956
17459,0.001951
17460,0.001945
17461,0.00194
17462,0.001935
17463,0.00193
17464,0.001925
17465,0.00192
17466,0.001915
17467,0.00191
17468,0.001905
17469,0.0019
17470,0.001895
17471,0.00189
17472,0.001885
17473,0.001879
17474,0.001874
17475,0.001869
17476,0.001864
17477,0.001859
17478,0.001854
17479,0.001849
17480,0.001844
17481,0.001839
17482,0.001834
17483,0.001829
17484,0.001824
17485,0.001819
17486,0.001813
17487,0.001808
17488,0.001803
17489,0.001798
17490,0.001793
17491,0.001788
17492,0.001783
17493,0.001778
17494,0.001773
17495,0.001768
17496,0.001763
17497,0.001758
17498,0.001753
17499,0.001747
17500,0.001742
17501,0.001737
17502,0.001732
17503,0.001727
17504,0.001722
17505,0.001717
17506,0.001712
17507,0.001707
17508,0.001702
17509,0.001697
17510,0.001692
17511,0.001687
17512,0.001682
17513,0.001676
17514,0.001671
17515,0.001666
17516,0.001661
17517,0.001656
17518,0.001651
17519,0.001646
17520,0.001641
17521,0.001636
17522,0.001631
17523,0.001626
17524,0.001621
17525,0.001616
17526,0.00161
17527,0.001605
17528,0.0016
17529,0.001595
17530,0.00159
17531,0.001585
17532,0.00158
17533,0.001575
17534,0.00157
17535,0.001565
17536,0.00156
17537,0.001555
17538,0.00155
17539,0.001544
17540,0.001539
17541,0.001534
17542,0.001529
17543,0.001524
17544,0.001519
17545,0.001514
17546,0.001509
17547,0.001504
17548,0.001499
17549,0.001494
17550,0.001489
17551,0.001484
17552,0.001478
17553,0.001473
17554,0.001468
17555,0.001463
17556,0.001458
17557,0.001453
17558,0.001448
17559,0.001443
17560,0.001438
17561,0.001433
17562,0.001428
17563,0.001423
17564,0.001418
17565,0.001412
17566,0.001407
17567,0.001402
17568,0.001397
17569,0.001392
17570,0.001387
17571,0.001382
17572,0.001377
17573,0.001372
17574,0.001367
17575,0.001362
17576,0.00136
17577,0.001358
17578,0.001357
17579,0.001355
17580,0.001353
17581,0.001351
17582,0.001349
17583,0.001347
17584,0.001345
17585,0.001344
17586,0.001342
17587,0.00134
17588,0.001338
17589,0.001336
17590,0.001334
17591,0.001332
17592,0.001331
17593,0.001329
17594,0.001327
17595,0.001325
17596,0.001323
17597,0.001321
17598,0.001319
17599,0.001318
17600,0.001316
17601,0.001314
17602,0.001312
17603,0.00131
17604,0.001308
17605,0.001306
17606,0.001305
17607,0.001303
17608,0.001301
17609,0.001299
17610,0.001297
17611,0.001295
17612,0.001293
17613,0.001292
17614,0.00129
17615,0.001288
17616,0.001286
17617,0.001284
17618,0.001282
17619,0.00128
17620,0.001279
17621,0.001277
17622,0.001275
17623,0.001273
17624,0.001271
17625,0.001269
17626,0.001267
17627,0.001266
17628,0.001264
17629,0.001262
17630,0.00126
17631,0.001258
17632,0.001256
17633,0.001254
17634,0.001253
17635,0.001251
17636,0.001249
17637,0.001247
17638,0.001245
17639,0.001243
17640,0.001241
17641,0.00124
17642,0.001238
17643,0.001236
17644,0.001234
17645,0.001232
17646,0.00123
17647,0.001228
17648,0.001227
17649,0.001225
17650,0.001223
17651,0.001221
17652,0.001219
17653,0.001217
17654,0.001215
17655,0.001214
17656,0.001212
17657,0.00121
17658,0.001208
17659,0.001206
17660,0.001204
17661,0.001202
17662,0.001201
17663,0.001199
17664,0.001197
17665,0.001195
17666,0.001193
17667,0.001191
17668,0.001189
17669,0.001188
17670,0.001186
17671,0.001184
17672,0.001182
17673,0.00118
17674,0.001178
17675,0.001176
17676,0.001175
17677,0.001173
17678,0.001171
17679,0.001169
17680,0.001167
17681,0.001165
17682,0.001163
17683,0.001162
17684,0.00116
17685,0.001158
17686,0.001156
17687,0.001154
17688,0.001152
17689,0.001151
17690,0.001149
17691,0.001147
17692,0.001145
17693,0.001143
17694,0.001141
17695,0.001139
17696,0.001138
17697,0.001136
17698,0.001134
17699,0.001132
17700,0.00113
17701,0.001128
17702,0.001126
17703,0.001125
17704,0.001123
17705,0.001121
17706,0.001119
17707,0.001117
17708,0.001115
17709,0.001113
17710,0.001112
17711,0.00111
17712,0.001108
17713,0.001106
17714,0.001104
17715,0.001102
17716,0.0011
17717,0.001099
17718,0.001097
17719,0.001095
17720,0.001093
17721,0.001091
17722,0.001089
17723,0.001087
17724,0.001086
17725,0.001084
17726,0.001082
17727,0.00108
17728,0.001078
17729,0.001076
17730,0.001074
17731,0.001073
17732,0.001071
17733,0.001069
17734,0.001067
17735,0.001065
17736,0.001063
17737,0.001061
17738,0.00106
17739,0.001058
17740,0.001056
17741,0.001054
17742,0.001052
17743,0.00105
17744,0.001048
17745,0.001047
17746,0.001045
17747,0.001043
17748,0.001041
17749,0.001039
17750,0.001037
17751,0.001035
17752,0.001034
17753,0.001032
17754,0.00103
17755,0.001028
17756,0.001026
17757,0.001024
17758,0.001022
17759,0.001021
17760,0.001019
17761,0.001017
17762,0.001015
17763,0.001014
17764,0.001013
17765,0.001012
17766,0.001011
17767,0.001009
17768,0.001008
17769,0.001007
17770,0.001006
17771,0.001005
17772,0.001004
17773,0.001003
17774,0.001002
17775,0.001
17776,0.000999
17777,0.000998
17778,0.000997
17779,0.000996
17780,0.000995
17781,0.000994
17782,0.000993
17783,0.000991
17784,0.00099
17785,0.000989
17786,0.000988
17787,0.000987
17788,0.000986
17789,0.000985
17790,0.000984
17791,0.000982
17792,0.000981
17793,0.00098
17794,0.000979
17795,0.000978
17796,0.000977
17797,0.000976
17798,0.000975
17799,0.000973
17800,0.000972
17801,0.000971
17802,0.00097
17803,0.000969
17804,0.000968
17805,0.000967
17806,0.000966
17807,0.000964
17808,0.000963
17809,0.000962
17810,0.000961
17811,0.00096
17812,0.000959
17813,0.000958
17814,0.000957
17815,0.000955
17816,0.000954
17817,0.000953
17818,0.000952
17819,0.000951
17820,0.00095
17821,0.000949
17822,0.000948
17823,0.000946
17824,0.000945
17825,0.000944
17826,0.000943
17827,0.000942
17828,0.000941
17829,0.00094
17830,0.000939
17831,0.000937
17832,0.000936
17833,0.000935
17834,0.000934
17835,0.000933
17836,0.000932
17837,0.000931
17838,0.00093
17839,0.000928
17840,0.000927
17841,0.000926
17842,0.000925
17843,0.000924
17844,0.000923
17845,0.000922
17846,0.000921
17847,0.00092
17848,0.000918
17849,0.000917
17850,0.000916
17851,0.000915
17852,0.000914
17853,0.000913
17854,0.000912
17855,0.000911
17856,0.000909
17857,0.000908
17858,0.000907
17859,0.000906
17860,0.000905
17861,0.000904
17862,0.000903
17863,0.000902
17864,0.0009
17865,0.000899
17866,0.000898
17867,0.000897
17868,0.000896
17869,0.000895
17870,0.000894
17871,0.000893
17872,0.000891
17873,0.00089
17874,0.000889
17875,0.000888
17876,0.000887
17877,0.000886
17878,0.000885
17879,0.000884
17880,0.000882
17881,0.000881
17882,0.00088
17883,0.000879
17884,0.000878
17885,0.000877
17886,0.000876
17887,0.000875
17888,0.000874
17889,0.000872
17890,0.000871
17891,0.00087
17892,0.000869
17893,0.000868
17894,0.000867
17895,0.000866
17896,0.000865
17897,0.000863
17898,0.000862
17899,0.000861
17900,0.00086
17901,0.000859
17902,0.000858
17903,0.000857
17904,0.000856
17905,0.000854
17906,0.000853
17907,0.000852
17908,0.000851
17909,0.00085
17910,0.000849
17911,0.000848
17912,0.000847
17913,0.000845
17914,0.000844
17915,0.000843
17916,0.000842
17917,0.000841
17918,0.00084
17919,0.000839
17920,0.000838
17921,0.000837
17922,0.000835
17923,0.000834
17924,0.000833
17925,0.000832
17926,0.000831
17927,0.00083
17928,0.000829
17929,0.000828
17930,0.000826
17931,0.000825
17932,0.000824
17933,0.000823
17934,0.000822
17935,0.000821
17936,0.00082
17937,0.000819
17938,0.000817
17939,0.000816
17940,0.000815
17941,0.000814
17942,0.000813
17943,0.000812
17944,0.000811
17945,0.00081
17946,0.000808
17947,0.000807
17948,0.000806
17949,0.000805
17950,0.000804
17951,0.000803
17952,0.000802
17953,0.000801
17954,0.000799
17955,0.000798
17956,0.000797
17957,0.000796
17958,0.000795
17959,0.000794
17960,0.000793
17961,0.000792
17962,0.000791
17963,0.000789
17964,0.000788
17965,0.000787
17966,0.000786
17967,0.000785
17968,0.000784
17969,0.000783
17970,0.000782
17971,0.00078
17972,0.000779
17973,0.000778
17974,0.000777
17975,0.000776
17976,0.000775
17977,0.000774
17978,0.000773
17979,0.000771
17980,0.00077
17981,0.000769
17982,0.000768
17983,0.000767
17984,0.000766
17985,0.000765
17986,0.000764
17987,0.000764
17988,0.000763
17989,0.000763
17990,0.000763
17991,0.000763
17992,0.000763
17993,0.000762
17994,0.000762
17995,0.000762
17996,0.000762
17997,0.000762
17998,0.000761
17999,0.000761
18000,0.000761
