Wavenumber,Filter response
10500,0.000255
10501,0.000253
10502,0.00025
10503,0.000247
10504,0.000245
10505,0.000244
10506,0.000244
10507,0.000244
10508,0.000244
10509,0.000244
10510,0.000244
10511,0.000244
10512,0.000244
10513,0.000244
10514,0.000244
10515,0.000244
10516,0.000244
10517,0.000244
10518,0.000244
10519,0.000244
10520,0.000244
10521,0.000244
10522,0.000244
10523,0.000244
10524,0.000244
10525,0.000244
10526,0.000244
10527,0.000244
10528,0.000244
10529,0.000244
10530,0.000244
10531,0.000244
10532,0.000244
10533,0.000244
10534,0.000244
10535,0.000244
10536,0.000245
10537,0.000245
10538,0.000246
10539,0.000247
10540,0.000248
10541,0.000249
10542,0.00025
10543,0.000251
10544,0.000251
10545,0.000251
10546,0.00025
10547,0.00025
10548,0.00025
10549,0.00025
10550,0.00025
10551,0.00025
10552,0.000249
10553,0.000249
10554,0.000249
10555,0.000249
10556,0.000249
10557,0.000249
10558,0.000248
10559,0.000248
10560,0.000248
10561,0.000248
10562,0.000248
10563,0.000248
10564,0.000247
10565,0.000247
10566,0.000247
10567,0.000247
10568,0.000247
10569,0.000247
10570,0.000246
10571,0.000246
10572,0.000246
10573,0.000246
10574,0.000246
10575,0.000246
10576,0.000246
10577,0.000246
10578,0.000246
10579,0.000246
10580,0.000246
10581,0.000246
10582,0.000246
10583,0.000245
10584,0.000244
10585,0.000243
10586,0.000242
10587,0.000241
10588,0.00024
10589,0.000239
10590,0.000238
10591,0.000237
10592,0.000236
10593,0.000235
10594,0.000234
10595,0.000236
10596,0.000237
10597,0.000238
10598,0.00024
10599,0.000241
10600,0.000242
10601,0.000243
10602,0.000245
10603,0.000246
10604,0.000245
10605,0.000244
10606,0.000243
10607,0.000242
10608,0.000241
10609,0.00024
10610,0.000239
10611,0.000238
10612,0.000237
10613,0.000236
10614,0.000235
10615,0.000235
10616,0.000236
10617,0.000236
10618,0.000237
10619,0.000237
10620,0.000238
10621,0.000238
10622,0.000239
10623,0.000239
10624,0.000239
10625,0.00024
10626,0.000242
10627,0.000244
10628,0.000245
10629,0.000247
10630,0.000249
10631,0.00025
10632,0.000252
10633,0.000253
10634,0.000255
10635,0.000257
10636,0.000258
10637,0.00026
10638,0.000261
10639,0.00026
10640,0.00026
10641,0.00026
10642,0.000259
10643,0.000259
10644,0.000259
10645,0.000258
10646,0.000258
10647,0.000257
10648,0.000257
10649,0.000257
10650,0.000257
10651,0.000256
10652,0.000256
10653,0.000256
10654,0.000256
10655,0.000256
10656,0.000255
10657,0.000255
10658,0.000255
10659,0.000255
10660,0.000255
10661,0.000256
10662,0.000257
10663,0.000259
10664,0.00026
10665,0.000262
10666,0.000263
10667,0.000265
10668,0.000266
10669,0.000268
10670,0.000269
10671,0.000271
10672,0.000272
10673,0.000271
10674,0.00027
10675,0.00027
10676,0.000269
10677,0.000269
10678,0.000268
10679,0.000267
10680,0.000267
10681,0.000266
10682,0.000266
10683,0.000265
10684,0.000265
10685,0.000264
10686,0.000264
10687,0.000263
10688,0.000263
10689,0.000263
10690,0.000262
10691,0.000262
10692,0.000261
10693,0.000261
10694,0.00026
10695,0.000261
10696,0.000262
10697,0.000264
10698,0.000265
10699,0.000266
10700,0.000267
10701,0.000269
10702,0.00027
10703,0.000271
10704,0.000272
10705,0.000274
10706,0.000275
10707,0.000276
10708,0.000278
10709,0.000279
10710,0.00028
10711,0.000282
10712,0.000283
10713,0.000285
10714,0.000286
10715,0.000287
10716,0.000289
10717,0.00029
10718,0.000292
10719,0.000292
10720,0.000292
10721,0.000293
10722,0.000293
10723,0.000293
10724,0.000294
10725,0.000294
10726,0.000294
10727,0.000295
10728,0.000295
10729,0.000289
10730,0.000289
10731,0.000291
10732,0.000293
10733,0.000294
10734,0.000296
10735,0.000297
10736,0.000299
10737,0.000301
10738,0.000302
10739,0.000304
10740,0.000306
10741,0.000307
10742,0.000309
10743,0.00031
10744,0.000312
10745,0.000314
10746,0.000315
10747,0.000317
10748,0.000319
10749,0.00032
10750,0.000322
10751,0.000324
10752,0.000325
10753,0.000327
10754,0.000329
10755,0.000331
10756,0.000332
10757,0.000334
10758,0.000336
10759,0.000337
10760,0.000339
10761,0.000341
10762,0.000342
10763,0.000344
10764,0.000345
10765,0.000345
10766,0.000345
10767,0.000346
10768,0.000346
10769,0.000346
10770,0.000346
10771,0.000347
10772,0.000348
10773,0.000349
10774,0.00035
10775,0.000351
10776,0.000352
10777,0.000353
10778,0.000354
10779,0.000355
10780,0.000356
10781,0.000357
10782,0.000358
10783,0.000359
10784,0.00036
10785,0.000361
10786,0.000362
10787,0.000364
10788,0.000365
10789,0.000367
10790,0.000368
10791,0.00037
10792,0.000371
10793,0.000373
10794,0.000375
10795,0.000376
10796,0.000378
10797,0.000379
10798,0.000381
10799,0.000382
10800,0.000386
10801,0.00039
10802,0.000394
10803,0.000398
10804,0.000402
10805,0.000406
10806,0.00041
10807,0.000415
10808,0.00042
10809,0.000426
10810,0.000431
10811,0.000436
10812,0.000441
10813,0.000446
10814,0.000451
10815,0.000456
10816,0.000462
10817,0.000465
10818,0.000459
10819,0.000453
10820,0.000447
10821,0.00044
10822,0.000434
10823,0.000434
10824,0.000438
10825,0.000442
10826,0.000446
10827,0.00045
10828,0.000454
10829,0.000458
10830,0.000462
10831,0.000465
10832,0.000469
10833,0.000473
10834,0.000477
10835,0.000481
10836,0.000485
10837,0.000489
10838,0.000493
10839,0.000497
10840,0.000501
10841,0.000505
10842,0.000509
10843,0.000513
10844,0.000517
10845,0.000521
10846,0.000525
10847,0.000529
10848,0.000533
10849,0.000537
10850,0.000541
10851,0.000545
10852,0.000549
10853,0.000553
10854,0.000557
10855,0.000561
10856,0.000565
10857,0.000569
10858,0.000573
10859,0.000577
10860,0.000577
10861,0.000577
10862,0.000577
10863,0.000577
10864,0.000577
10865,0.000577
10866,0.000577
10867,0.000577
10868,0.000577
10869,0.000577
10870,0.000577
10871,0.000577
10872,0.000577
10873,0.00061
10874,0.000623
10875,0.000625
10876,0.000627
10877,0.000629
10878,0.000631
10879,0.000633
10880,0.000635
10881,0.000637
10882,0.000639
10883,0.000642
10884,0.000645
10885,0.000647
10886,0.00065
10887,0.000652
10888,0.000655
10889,0.000658
10890,0.00066
10891,0.000663
10892,0.000666
10893,0.000677
10894,0.000693
10895,0.00071
10896,0.000727
10897,0.000734
10898,0.000734
10899,0.000734
10900,0.000733
10901,0.000733
10902,0.000733
10903,0.000733
10904,0.000733
10905,0.000746
10906,0.00076
10907,0.000774
10908,0.000788
10909,0.000796
10910,0.000802
10911,0.000808
10912,0.000814
10913,0.000819
10914,0.000825
10915,0.000831
10916,0.000836
10917,0.000842
10918,0.000848
10919,0.000853
10920,0.000859
10921,0.000865
10922,0.000871
10923,0.000877
10924,0.000886
10925,0.000895
10926,0.000903
10927,0.000912
10928,0.00092
10929,0.000929
10930,0.000938
10931,0.000946
10932,0.000955
10933,0.000964
10934,0.000968
10935,0.000971
10936,0.000975
10937,0.000978
10938,0.000981
10939,0.000984
10940,0.000987
10941,0.00099
10942,0.000993
10943,0.000997
10944,0.001
10945,0.001003
10946,0.001006
10947,0.001009
10948,0.001012
10949,0.001024
10950,0.001036
10951,0.001048
10952,0.001059
10953,0.001071
10954,0.001083
10955,0.001095
10956,0.001107
10957,0.001118
10958,0.00113
10959,0.001142
10960,0.001153
10961,0.001163
10962,0.001173
10963,0.001182
10964,0.001192
10965,0.001202
10966,0.001211
10967,0.001221
10968,0.001231
10969,0.00124
10970,0.00125
10971,0.00126
10972,0.001274
10973,0.001288
10974,0.001302
10975,0.001316
10976,0.00133
10977,0.001344
10978,0.001359
10979,0.001373
10980,0.001387
10981,0.001401
10982,0.001415
10983,0.001429
10984,0.001443
10985,0.001458
10986,0.001473
10987,0.001488
10988,0.001503
10989,0.001517
10990,0.001532
10991,0.001547
10992,0.001562
10993,0.001576
10994,0.001591
10995,0.001606
10996,0.001622
10997,0.001638
10998,0.001654
10999,0.00167
11000,0.001686
11001,0.001703
11002,0.001719
11003,0.001735
11004,0.001751
11005,0.001767
11006,0.001783
11007,0.001799
11008,0.001815
11009,0.001831
11010,0.001851
11011,0.001873
11012,0.001894
11013,0.001915
11014,0.001937
11015,0.001958
11016,0.00198
11017,0.002001
11018,0.002022
11019,0.002044
11020,0.002065
11021,0.002087
11022,0.00211
11023,0.002134
11024,0.002158
11025,0.002182
11026,0.002206
11027,0.00223
11028,0.002254
11029,0.002278
11030,0.002302
11031,0.002326
11032,0.00235
11033,0.002374
11034,0.002398
11035,0.002422
11036,0.002448
11037,0.002474
11038,0.0025
11039,0.002526
11040,0.002553
11041,0.002579
11042,0.002605
11043,0.002631
11044,0.002657
11045,0.002683
11046,0.002709
11047,0.002737
11048,0.002774
11049,0.00281
11050,0.002846
11051,0.002883
11052,0.002919
11053,0.002956
11054,0.002992
11055,0.003028
11056,0.003065
11057,0.003101
11058,0.003137
11059,0.003174
11060,0.00321
11061,0.003255
11062,0.003305
11063,0.003355
11064,0.003405
11065,0.003455
11066,0.003505
11067,0.003556
11068,0.003606
11069,0.003656
11070,0.003706
11071,0.003756
11072,0.003806
11073,0.003861
11074,0.00392
11075,0.003978
11076,0.004037
11077,0.004096
11078,0.004155
11079,0.004213
11080,0.004272
11081,0.004331
11082,0.00439
11083,0.004448
11084,0.004507
11085,0.004568
11086,0.00463
11087,0.004693
11088,0.004755
11089,0.004818
11090,0.00488
11091,0.004942
11092,0.005005
11093,0.005067
11094,0.005129
11095,0.005192
11096,0.005254
11097,0.005317
11098,0.005393
11099,0.005485
11100,0.005577
11101,0.00567
11102,0.005762
11103,0.005854
11104,0.005946
11105,0.006038
11106,0.00613
11107,0.006223
11108,0.006315
11109,0.006416
11110,0.006521
11111,0.006626
11112,0.006731
11113,0.006836
11114,0.00694
11115,0.007045
11116,0.00715
11117,0.007255
11118,0.00736
11119,0.007464
11120,0.007569
11121,0.007674
11122,0.007779
11123,0.007885
11124,0.008002
11125,0.008118
11126,0.008234
11127,0.008351
11128,0.008467
11129,0.008584
11130,0.008644
11131,0.008391
11132,0.008138
11133,0.007885
11134,0.009234
11135,0.009457
11136,0.009681
11137,0.009793
11138,0.009959
11139,0.010125
11140,0.010291
11141,0.010457
11142,0.010623
11143,0.010789
11144,0.010915
11145,0.011093
11146,0.01127
11147,0.011448
11148,0.011626
11149,0.011804
11150,0.011982
11151,0.012149
11152,0.012367
11153,0.012586
11154,0.01279
11155,0.012968
11156,0.013145
11157,0.013323
11158,0.013563
11159,0.013804
11160,0.014045
11161,0.014273
11162,0.014519
11163,0.014765
11164,0.015015
11165,0.015279
11166,0.015543
11167,0.015807
11168,0.016071
11169,0.016335
11170,0.016599
11171,0.016851
11172,0.017116
11173,0.017382
11174,0.017648
11175,0.017976
11176,0.018305
11177,0.018633
11178,0.01897
11179,0.01931
11180,0.01965
11181,0.020026
11182,0.020377
11183,0.020729
11184,0.021081
11185,0.021432
11186,0.021784
11187,0.022135
11188,0.022515
11189,0.022955
11190,0.023395
11191,0.023835
11192,0.024276
11193,0.024614
11194,0.024928
11195,0.025356
11196,0.025843
11197,0.026331
11198,0.026819
11199,0.02731
11200,0.027802
11201,0.028293
11202,0.028775
11203,0.029255
11204,0.029736
11205,0.030373
11206,0.031234
11207,0.032096
11208,0.032957
11209,0.033789
11210,0.033846
11211,0.033902
11212,0.034294
11213,0.034855
11214,0.035417
11215,0.036232
11216,0.037497
11217,0.038763
11218,0.038607
11219,0.039577
11220,0.040735
11221,0.041893
11222,0.044809
11223,0.046269
11224,0.046464
11225,0.046659
11226,0.046854
11227,0.047049
11228,0.047525
11229,0.048053
11230,0.04858
11231,0.049108
11232,0.049792
11233,0.050812
11234,0.051831
11235,0.052851
11236,0.05388
11237,0.054911
11238,0.055942
11239,0.056997
11240,0.058076
11241,0.059155
11242,0.060356
11243,0.061604
11244,0.062853
11245,0.064101
11246,0.065349
11247,0.066597
11248,0.067845
11249,0.0692
11250,0.070703
11251,0.072207
11252,0.07371
11253,0.075214
11254,0.076717
11255,0.078221
11256,0.079697
11257,0.081418
11258,0.08314
11259,0.084861
11260,0.086583
11261,0.088304
11262,0.090026
11263,0.0919
11264,0.093822
11265,0.095744
11266,0.098524
11267,0.100631
11268,0.102738
11269,0.104845
11270,0.106905
11271,0.108556
11272,0.110208
11273,0.11197
11274,0.113824
11275,0.115678
11276,0.117532
11277,0.119837
11278,0.123055
11279,0.126273
11280,0.129097
11281,0.131801
11282,0.134505
11283,0.137239
11284,0.140022
11285,0.142805
11286,0.145587
11287,0.148275
11288,0.151459
11289,0.154642
11290,0.157826
11291,0.16101
11292,0.164194
11293,0.167416
11294,0.1709
11295,0.174385
11296,0.177869
11297,0.181354
11298,0.184838
11299,0.188323
11300,0.191784
11301,0.195652
11302,0.19952
11303,0.203389
11304,0.207501
11305,0.211615
11306,0.215729
11307,0.220028
11308,0.224437
11309,0.228846
11310,0.233376
11311,0.238064
11312,0.242752
11313,0.24744
11314,0.252128
11315,0.256816
11316,0.261504
11317,0.266405
11318,0.271407
11319,0.276409
11320,0.281431
11321,0.286865
11322,0.292299
11323,0.297733
11324,0.303168
11325,0.308603
11326,0.314038
11327,0.319548
11328,0.325286
11329,0.331023
11330,0.33676
11331,0.348944
11332,0.359138
11333,0.369331
11334,0.372716
11335,0.375121
11336,0.377525
11337,0.38025
11338,0.386719
11339,0.393188
11340,0.399657
11341,0.406342
11342,0.413152
11343,0.419962
11344,0.427316
11345,0.435977
11346,0.444638
11347,0.450895
11348,0.456658
11349,0.46242
11350,0.468182
11351,0.474648
11352,0.481808
11353,0.488969
11354,0.496176
11355,0.503254
11356,0.510333
11357,0.517411
11358,0.52449
11359,0.531568
11360,0.538646
11361,0.545932
11362,0.553299
11363,0.560667
11364,0.568035
11365,0.574963
11366,0.58185
11367,0.588737
11368,0.595836
11369,0.603126
11370,0.610416
11371,0.617706
11372,0.624996
11373,0.632285
11374,0.639575
11375,0.646466
11376,0.653212
11377,0.659958
11378,0.666818
11379,0.673329
11380,0.67984
11381,0.686352
11382,0.692863
11383,0.699374
11384,0.707007
11385,0.714143
11386,0.72037
11387,0.726597
11388,0.732896
11389,0.739571
11390,0.746246
11391,0.752921
11392,0.759051
11393,0.765028
11394,0.771004
11395,0.778346
11396,0.787973
11397,0.794798
11398,0.794565
11399,0.80001
11400,0.805455
11401,0.810901
11402,0.816346
11403,0.821791
11404,0.827236
11405,0.832561
11406,0.837539
11407,0.842517
11408,0.847495
11409,0.852472
11410,0.85745
11411,0.862428
11412,0.867255
11413,0.871313
11414,0.87537
11415,0.879428
11416,0.884043
11417,0.888672
11418,0.893301
11419,0.897237
11420,0.901003
11421,0.904769
11422,0.908402
11423,0.911686
11424,0.914969
11425,0.918253
11426,0.921536
11427,0.92482
11428,0.928103
11429,0.931475
11430,0.934971
11431,0.938467
11432,0.94165
11433,0.943415
11434,0.945181
11435,0.946946
11436,0.948889
11437,0.950913
11438,0.952937
11439,0.954879
11440,0.956552
11441,0.958224
11442,0.959897
11443,0.961447
11444,0.962975
11445,0.964504
11446,0.966033
11447,0.967562
11448,0.96909
11449,0.968861
11450,0.969955
11451,0.971048
11452,0.972142
11453,0.972982
11454,0.973692
11455,0.974402
11456,0.975139
11457,0.975954
11458,0.976768
11459,0.977582
11460,0.978143
11461,0.978656
11462,0.979169
11463,0.979681
11464,0.979974
11465,0.980198
11466,0.980228
11467,0.980403
11468,0.980579
11469,0.980754
11470,0.980929
11471,0.981105
11472,0.98128
11473,0.981584
11474,0.981528
11475,0.981472
11476,0.981415
11477,0.981532
11478,0.981673
11479,0.981815
11480,0.981727
11481,0.981435
11482,0.981142
11483,0.980857
11484,0.980627
11485,0.980398
11486,0.980169
11487,0.979985
11488,0.979819
11489,0.979653
11490,0.979445
11491,0.979047
11492,0.978648
11493,0.978249
11494,0.97785
11495,0.977452
11496,0.977053
11497,0.97707
11498,0.97695
11499,0.976829
11500,0.976675
11501,0.976314
11502,0.975953
11503,0.975591
11504,0.975414
11505,0.975294
11506,0.975174
11507,0.974997
11508,0.974716
11509,0.974436
11510,0.974155
11511,0.97372
11512,0.97328
11513,0.97284
11514,0.972526
11515,0.972312
11516,0.972098
11517,0.972062
11518,0.97173
11519,0.971399
11520,0.971067
11521,0.970735
11522,0.970404
11523,0.970072
11524,0.969791
11525,0.969591
11526,0.969391
11527,0.969191
11528,0.968755
11529,0.968298
11530,0.967842
11531,0.967437
11532,0.967252
11533,0.967067
11534,0.966867
11535,0.966599
11536,0.966332
11537,0.96605
11538,0.965706
11539,0.965362
11540,0.965018
11541,0.964723
11542,0.964499
11543,0.964274
11544,0.964125
11545,0.964028
11546,0.963931
11547,0.963834
11548,0.96356
11549,0.963184
11550,0.962808
11551,0.962626
11552,0.962499
11553,0.962372
11554,0.962245
11555,0.962092
11556,0.961935
11557,0.961777
11558,0.961593
11559,0.961374
11560,0.961155
11561,0.960945
11562,0.960857
11563,0.96077
11564,0.960682
11565,0.960565
11566,0.960434
11567,0.960302
11568,0.960167
11569,0.96002
11570,0.959874
11571,0.959727
11572,0.959761
11573,0.959821
11574,0.959881
11575,0.959855
11576,0.959737
11577,0.959619
11578,0.959324
11579,0.959305
11580,0.959286
11581,0.959268
11582,0.959249
11583,0.95923
11584,0.959394
11585,0.959554
11586,0.959513
11587,0.959472
11588,0.959431
11589,0.959507
11590,0.959595
11591,0.959683
11592,0.959764
11593,0.959838
11594,0.959912
11595,0.959985
11596,0.960045
11597,0.960106
11598,0.960201
11599,0.960317
11600,0.960434
11601,0.96055
11602,0.960761
11603,0.960833
11604,0.960905
11605,0.960977
11606,0.961099
11607,0.961261
11608,0.961423
11609,0.961542
11610,0.961624
11611,0.961705
11612,0.961813
11613,0.96206
11614,0.962306
11615,0.962553
11616,0.962741
11617,0.962912
11618,0.963083
11619,0.963257
11620,0.963476
11621,0.963696
11622,0.963915
11623,0.96414
11624,0.964364
11625,0.964589
11626,0.964882
11627,0.965229
11628,0.965576
11629,0.965502
11630,0.965817
11631,0.966133
11632,0.966448
11633,0.966699
11634,0.966931
11635,0.967163
11636,0.967395
11637,0.967628
11638,0.96786
11639,0.968084
11640,0.968218
11641,0.968534
11642,0.96885
11643,0.969166
11644,0.969482
11645,0.969797
11646,0.970099
11647,0.970352
11648,0.970605
11649,0.970858
11650,0.971015
11651,0.971153
11652,0.971291
11653,0.971777
11654,0.972171
11655,0.972564
11656,0.972951
11657,0.973129
11658,0.973306
11659,0.973483
11660,0.973697
11661,0.97393
11662,0.974164
11663,0.974436
11664,0.974835
11665,0.975234
11666,0.975633
11667,0.97587
11668,0.976081
11669,0.976292
11670,0.976494
11671,0.976685
11672,0.976876
11673,0.977089
11674,0.977597
11675,0.978105
11676,0.978613
11677,0.978751
11678,0.978717
11679,0.978772
11680,0.979107
11681,0.979441
11682,0.979776
11683,0.98011
11684,0.980445
11685,0.980779
11686,0.981114
11687,0.981353
11688,0.981498
11689,0.981642
11690,0.981824
11691,0.982289
11692,0.982754
11693,0.983169
11694,0.983363
11695,0.983556
11696,0.983749
11697,0.98397
11698,0.98425
11699,0.98453
11700,0.98481
11701,0.985225
11702,0.985444
11703,0.985664
11704,0.985883
11705,0.986103
11706,0.986322
11707,0.98677
11708,0.987007
11709,0.987244
11710,0.987481
11711,0.987755
11712,0.988055
11713,0.988356
11714,0.988644
11715,0.988911
11716,0.989178
11717,0.989444
11718,0.989782
11719,0.990122
11720,0.990462
11721,0.990785
11722,0.991096
11723,0.991407
11724,0.991701
11725,0.991909
11726,0.992118
11727,0.992326
11728,0.992662
11729,0.993031
11730,0.993399
11731,0.993732
11732,0.994007
11733,0.994282
11734,0.994557
11735,0.994824
11736,0.995091
11737,0.995358
11738,0.995625
11739,0.995891
11740,0.996158
11741,0.996421
11742,0.996671
11743,0.99692
11744,0.99717
11745,0.997382
11746,0.997584
11747,0.997796
11748,0.998027
11749,0.998258
11750,0.998489
11751,0.998498
11752,0.998673
11753,0.998849
11754,0.999026
11755,0.999202
11756,0.999378
11757,0.999554
11758,0.99971
11759,0.999806
11760,0.999903
11761,1
11762,0.999587
11763,0.999284
11764,0.998981
11765,0.998323
11766,0.997258
11767,0.996193
11768,0.995102
11769,0.993504
11770,0.991906
11771,0.990308
11772,0.988688
11773,0.987058
11774,0.985428
11775,0.983815
11776,0.982248
11777,0.980682
11778,0.979116
11779,0.978236
11780,0.977451
11781,0.976665
11782,0.975414
11783,0.973692
11784,0.972326
11785,0.97333
11786,0.97206
11787,0.970789
11788,0.969519
11789,0.967934
11790,0.966223
11791,0.964512
11792,0.962801
11793,0.961185
11794,0.960099
11795,0.959013
11796,0.956815
11797,0.954536
11798,0.952256
11799,0.949936
11800,0.94758
11801,0.945225
11802,0.942806
11803,0.940025
11804,0.937244
11805,0.934464
11806,0.931118
11807,0.927568
11808,0.924019
11809,0.920503
11810,0.917048
11811,0.913594
11812,0.91014
11813,0.90575
11814,0.90122
11815,0.89669
11816,0.89216
11817,0.88763
11818,0.8831
11819,0.878543
11820,0.873598
11821,0.868652
11822,0.863707
11823,0.85453
11824,0.844109
11825,0.837845
11826,0.833692
11827,0.82954
11828,0.825387
11829,0.821234
11830,0.814426
11831,0.807595
11832,0.800764
11833,0.793933
11834,0.787102
11835,0.780271
11836,0.772932
11837,0.765494
11838,0.758057
11839,0.750619
11840,0.742869
11841,0.735048
11842,0.727228
11843,0.719163
11844,0.710752
11845,0.702341
11846,0.693933
11847,0.685598
11848,0.677264
11849,0.668929
11850,0.660323
11851,0.651566
11852,0.642809
11853,0.634053
11854,0.625296
11855,0.616539
11856,0.607783
11857,0.599791
11858,0.592044
11859,0.584297
11860,0.57655
11861,0.568803
11862,0.561057
11863,0.545345
11864,0.536508
11865,0.527672
11866,0.518835
11867,0.510219
11868,0.501712
11869,0.493205
11870,0.484652
11871,0.475982
11872,0.467311
11873,0.458641
11874,0.450083
11875,0.441539
11876,0.432995
11877,0.42445
11878,0.415906
11879,0.407361
11880,0.402063
11881,0.394445
11882,0.386827
11883,0.37921
11884,0.371592
11885,0.363975
11886,0.356357
11887,0.348918
11888,0.341838
11889,0.334758
11890,0.327678
11891,0.320539
11892,0.314119
11893,0.307698
11894,0.301277
11895,0.294856
11896,0.288435
11897,0.282093
11898,0.276121
11899,0.270149
11900,0.264176
11901,0.258481
11902,0.252873
11903,0.247264
11904,0.241799
11905,0.236602
11906,0.231406
11907,0.226209
11908,0.221258
11909,0.216316
11910,0.211374
11911,0.206663
11912,0.202105
11913,0.197547
11914,0.193048
11915,0.188819
11916,0.18459
11917,0.180361
11918,0.17633
11919,0.172352
11920,0.168374
11921,0.164559
11922,0.160993
11923,0.157426
11924,0.153862
11925,0.150835
11926,0.147809
11927,0.144782
11928,0.14162
11929,0.137967
11930,0.134314
11931,0.130853
11932,0.128102
11933,0.125351
11934,0.1226
11935,0.119971
11936,0.117367
11937,0.114763
11938,0.112159
11939,0.109555
11940,0.106951
11941,0.104357
11942,0.102182
11943,0.100006
11944,0.097831
11945,0.095656
11946,0.093481
11947,0.091305
11948,0.089215
11949,0.08736
11950,0.085506
11951,0.083652
11952,0.082022
11953,0.080353
11954,0.078407
11955,0.076461
11956,0.074514
11957,0.072578
11958,0.071041
11959,0.069496
11960,0.067952
11961,0.066407
11962,0.065019
11963,0.063706
11964,0.062393
11965,0.061081
11966,0.059768
11967,0.058455
11968,0.057142
11969,0.055989
11970,0.054854
11971,0.05372
11972,0.05261
11973,0.051522
11974,0.050434
11975,0.049356
11976,0.048344
11977,0.047332
11978,0.046319
11979,0.045389
11980,0.044488
11981,0.043588
11982,0.042692
11983,0.041806
11984,0.04092
11985,0.04008
11986,0.039389
11987,0.038637
11988,0.037884
11989,0.037131
11990,0.036379
11991,0.035626
11992,0.034886
11993,0.034211
11994,0.033537
11995,0.032863
11996,0.032166
11997,0.031408
11998,0.030649
11999,0.02989
12000,0.029131
12001,0.028737
12002,0.028724
12003,0.028182
12004,0.027636
12005,0.02709
12006,0.026599
12007,0.026142
12008,0.025686
12009,0.025229
12010,0.024771
12011,0.024312
12012,0.023854
12013,0.02342
12014,0.022992
12015,0.022564
12016,0.022154
12017,0.021766
12018,0.021379
12019,0.020992
12020,0.020629
12021,0.020278
12022,0.019929
12023,0.01958
12024,0.019231
12025,0.018882
12026,0.018541
12027,0.018222
12028,0.017903
12029,0.017585
12030,0.017331
12031,0.017018
12032,0.016706
12033,0.016413
12034,0.016143
12035,0.015872
12036,0.015602
12037,0.01534
12038,0.015078
12039,0.014815
12040,0.014502
12041,0.014163
12042,0.013823
12043,0.013484
12044,0.01337
12045,0.013315
12046,0.013259
12047,0.013051
12048,0.012824
12049,0.01261
12050,0.012422
12051,0.012235
12052,0.012047
12053,0.01186
12054,0.011682
12055,0.011504
12056,0.011328
12057,0.011155
12058,0.010983
12059,0.01081
12060,0.010678
12061,0.010587
12062,0.0104
12063,0.010152
12064,0.01001
12065,0.009872
12066,0.009734
12067,0.009596
12068,0.009458
12069,0.00932
12070,0.009186
12071,0.008953
12072,0.008721
12073,0.008611
12074,0.008542
12075,0.008473
12076,0.008405
12077,0.008318
12078,0.008201
12079,0.008083
12080,0.007965
12081,0.007874
12082,0.007784
12083,0.007693
12084,0.007596
12085,0.007494
12086,0.007392
12087,0.007293
12088,0.007201
12089,0.007109
12090,0.007017
12091,0.006934
12092,0.006852
12093,0.006771
12094,0.006688
12095,0.006604
12096,0.006521
12097,0.006437
12098,0.006346
12099,0.006254
12100,0.00617
12101,0.006092
12102,0.006015
12103,0.005937
12104,0.005862
12105,0.005799
12106,0.005736
12107,0.005672
12108,0.005591
12109,0.005507
12110,0.005423
12111,0.005365
12112,0.005334
12113,0.005302
12114,0.005268
12115,0.0052
12116,0.005132
12117,0.005063
12118,0.004999
12119,0.004938
12120,0.004876
12121,0.004813
12122,0.004769
12123,0.004734
12124,0.004699
12125,0.004574
12126,0.00453
12127,0.004487
12128,0.004443
12129,0.004399
12130,0.004356
12131,0.004312
12132,0.004269
12133,0.004225
12134,0.004182
12135,0.004138
12136,0.004094
12137,0.004051
12138,0.004012
12139,0.003977
12140,0.003942
12141,0.003907
12142,0.003871
12143,0.003836
12144,0.003801
12145,0.003765
12146,0.00373
12147,0.003695
12148,0.00366
12149,0.003624
12150,0.003589
12151,0.003558
12152,0.003528
12153,0.003498
12154,0.003467
12155,0.003437
12156,0.003407
12157,0.003377
12158,0.003347
12159,0.003317
12160,0.003286
12161,0.003256
12162,0.003226
12163,0.003196
12164,0.003166
12165,0.003136
12166,0.003107
12167,0.003081
12168,0.003054
12169,0.003028
12170,0.003001
12171,0.002975
12172,0.002949
12173,0.002922
12174,0.002896
12175,0.00287
12176,0.002843
12177,0.002817
12178,0.00279
12179,0.002764
12180,0.002738
12181,0.002711
12182,0.002685
12183,0.002667
12184,0.00265
12185,0.002633
12186,0.002616
12187,0.002599
12188,0.002582
12189,0.002565
12190,0.002548
12191,0.002531
12192,0.002514
12193,0.002496
12194,0.002479
12195,0.002462
12196,0.002445
12197,0.002428
12198,0.002411
12199,0.002394
12200,0.002377
12201,0.00236
12202,0.002343
12203,0.002326
12204,0.002309
12205,0.002292
12206,0.002275
12207,0.002257
12208,0.00224
12209,0.002224
12210,0.00221
12211,0.002196
12212,0.002182
12213,0.002168
12214,0.002154
12215,0.00214
12216,0.002127
12217,0.002113
12218,0.002099
12219,0.002085
12220,0.002071
12221,0.002057
12222,0.002043
12223,0.002029
12224,0.002015
12225,0.002001
12226,0.001987
12227,0.001975
12228,0.001964
12229,0.001952
12230,0.001941
12231,0.00193
12232,0.001919
12233,0.001907
12234,0.001896
12235,0.001885
12236,0.001874
12237,0.001862
12238,0.001851
12239,0.00184
12240,0.001829
12241,0.001817
12242,0.001806
12243,0.001795
12244,0.001784
12245,0.001772
12246,0.001761
12247,0.00175
12248,0.001739
12249,0.001727
12250,0.001716
12251,0.001705
12252,0.001694
12253,0.001682
12254,0.001671
12255,0.00166
12256,0.001649
12257,0.001637
12258,0.001626
12259,0.001616
12260,0.001607
12261,0.001598
12262,0.001589
12263,0.00158
12264,0.001571
12265,0.001562
12266,0.001553
12267,0.001544
12268,0.001534
12269,0.001525
12270,0.001516
12271,0.001508
12272,0.0015
12273,0.001493
12274,0.001485
12275,0.001477
12276,0.001469
12277,0.001461
12278,0.001453
12279,0.001445
12280,0.001437
12281,0.001429
12282,0.001422
12283,0.001414
12284,0.001406
12285,0.001398
12286,0.00139
12287,0.001382
12288,0.001375
12289,0.001367
12290,0.001359
12291,0.001352
12292,0.001344
12293,0.001336
12294,0.001329
12295,0.001321
12296,0.001313
12297,0.001306
12298,0.001298
12299,0.001291
12300,0.001283
12301,0.001275
12302,0.001268
12303,0.001261
12304,0.001255
12305,0.001249
12306,0.001244
12307,0.001238
12308,0.001232
12309,0.001227
12310,0.001221
12311,0.001215
12312,0.001209
12313,0.001204
12314,0.001198
12315,0.001192
12316,0.001187
12317,0.001186
12318,0.001185
12319,0.001184
12320,0.001184
12321,0.001183
12322,0.001182
12323,0.001182
12324,0.001181
12325,0.001181
12326,0.00118
12327,0.001179
12328,0.001179
12329,0.001178
12330,0.001177
12331,0.001176
12332,0.001169
12333,0.001163
12334,0.001157
12335,0.00115
12336,0.001144
12337,0.001138
12338,0.001132
12339,0.001125
12340,0.001119
12341,0.001113
12342,0.001107
12343,0.0011
12344,0.001094
12345,0.001088
12346,0.001082
12347,0.001075
12348,0.001069
12349,0.001064
12350,0.001058
12351,0.001052
12352,0.001046
12353,0.001041
12354,0.001035
12355,0.001029
12356,0.001023
12357,0.001018
12358,0.001012
12359,0.001006
12360,0.001
12361,0.000995
12362,0.000989
12363,0.000983
12364,0.000981
12365,0.000981
12366,0.00098
12367,0.00098
12368,0.000979
12369,0.000979
12370,0.000978
12371,0.000978
12372,0.000977
12373,0.000977
12374,0.000977
12375,0.000976
12376,0.000976
12377,0.000975
12378,0.000975
12379,0.000974
12380,0.000974
12381,0.000969
12382,0.000964
12383,0.000959
12384,0.000954
12385,0.000949
12386,0.000944
12387,0.00094
12388,0.000935
12389,0.00093
12390,0.000925
12391,0.00092
12392,0.000915
12393,0.000912
12394,0.000908
12395,0.000904
12396,0.000901
12397,0.000897
12398,0.000894
12399,0.00089
12400,0.000887
12401,0.000883
12402,0.000879
12403,0.000876
12404,0.000872
12405,0.000869
12406,0.000865
12407,0.000862
12408,0.000858
12409,0.000856
12410,0.000854
12411,0.000853
12412,0.000851
12413,0.00085
12414,0.000848
12415,0.000847
12416,0.000845
12417,0.000844
12418,0.000842
12419,0.000841
12420,0.000839
12421,0.000838
12422,0.000836
12423,0.000835
12424,0.000833
12425,0.000833
12426,0.000835
12427,0.000836
12428,0.000838
12429,0.00084
12430,0.000841
12431,0.000843
12432,0.000845
12433,0.000846
12434,0.000848
12435,0.00085
12436,0.000852
12437,0.000853
12438,0.000855
12439,0.000857
12440,0.000858
12441,0.00086
12442,0.000857
12443,0.000854
12444,0.000852
12445,0.000849
12446,0.000846
12447,0.000844
12448,0.000841
12449,0.000838
12450,0.000836
12451,0.000833
12452,0.00083
12453,0.000828
12454,0.000825
12455,0.000822
12456,0.00082
12457,0.000817
12458,0.000813
12459,0.00081
12460,0.000806
12461,0.000802
12462,0.000798
12463,0.000794
12464,0.00079
12465,0.000787
12466,0.000783
12467,0.000779
12468,0.000775
12469,0.000771
12470,0.000771
12471,0.000771
12472,0.00077
12473,0.00077
12474,0.00077
12475,0.00077
12476,0.00077
12477,0.00077
12478,0.000769
12479,0.000769
12480,0.000769
12481,0.000769
12482,0.000769
12483,0.000769
12484,0.000769
12485,0.000768
12486,0.000767
12487,0.000765
12488,0.000763
12489,0.000761
12490,0.000759
12491,0.000757
12492,0.000755
12493,0.000753
12494,0.000751
12495,0.000749
12496,0.000747
12497,0.000745
12498,0.000743
12499,0.000741
12500,0.000738
12501,0.000736
12502,0.000734
12503,0.00073
12504,0.000725
12505,0.00072
12506,0.000715
12507,0.00071
12508,0.000705
12509,0.0007
12510,0.000695
12511,0.00069
12512,0.000685
12513,0.00068
12514,0.000674
12515,0.000669
12516,0.000664
12517,0.000659
12518,0.000654
12519,0.00065
12520,0.000649
12521,0.000647
12522,0.000645
12523,0.000644
12524,0.000642
12525,0.00064
12526,0.000639
12527,0.000637
12528,0.000635
12529,0.000634
12530,0.000632
12531,0.00063
12532,0.000629
12533,0.000627
12534,0.000626
12535,0.000624
12536,0.000622
12537,0.000621
12538,0.000619
12539,0.000617
12540,0.000616
12541,0.000614
12542,0.000613
12543,0.000611
12544,0.000609
12545,0.000608
12546,0.000606
12547,0.000604
12548,0.000603
12549,0.000601
12550,0.0006
12551,0.000599
12552,0.000597
12553,0.000596
12554,0.000595
12555,0.000593
12556,0.000592
12557,0.000591
12558,0.000589
12559,0.000588
12560,0.000587
12561,0.000585
12562,0.000584
12563,0.000583
12564,0.000581
12565,0.00058
12566,0.000578
12567,0.000576
12568,0.000575
12569,0.000573
12570,0.000571
12571,0.000569
12572,0.000567
12573,0.000566
12574,0.000564
12575,0.000562
12576,0.00056
12577,0.000559
12578,0.000557
12579,0.000555
12580,0.000553
12581,0.000552
12582,0.000552
12583,0.000552
12584,0.000552
12585,0.000551
12586,0.000551
12587,0.000551
12588,0.000551
12589,0.000551
12590,0.000551
12591,0.000551
12592,0.000551
12593,0.000551
12594,0.000551
12595,0.000551
12596,0.000551
12597,0.00055
12598,0.000549
12599,0.000546
12600,0.000544
12601,0.000542
12602,0.00054
12603,0.000537
12604,0.000535
12605,0.000533
12606,0.000531
12607,0.000529
12608,0.000526
12609,0.000524
12610,0.000522
12611,0.00052
12612,0.000517
12613,0.000515
12614,0.000514
12615,0.000513
12616,0.000512
12617,0.000511
12618,0.00051
12619,0.00051
12620,0.000509
12621,0.000508
12622,0.000507
12623,0.000506
12624,0.000505
12625,0.000505
12626,0.000504
12627,0.000503
12628,0.000502
12629,0.000501
12630,0.0005
12631,0.000498
12632,0.000497
12633,0.000496
12634,0.000495
12635,0.000494
12636,0.000493
12637,0.000492
12638,0.000491
12639,0.00049
12640,0.000489
12641,0.000488
12642,0.000487
12643,0.000486
12644,0.000485
12645,0.000484
12646,0.000483
12647,0.000482
12648,0.000481
12649,0.00048
12650,0.000479
12651,0.000478
12652,0.000477
12653,0.000476
12654,0.000475
12655,0.000474
12656,0.000473
12657,0.000472
12658,0.00047
12659,0.000469
12660,0.000469
12661,0.00047
12662,0.000471
12663,0.000472
12664,0.000474
12665,0.000475
12666,0.000476
12667,0.000477
12668,0.000478
12669,0.000479
12670,0.00048
12671,0.000481
12672,0.000482
12673,0.000483
12674,0.000485
12675,0.000486
12676,0.000487
12677,0.000487
12678,0.000487
12679,0.000487
12680,0.000487
12681,0.000487
12682,0.000487
12683,0.000487
12684,0.000487
12685,0.000488
12686,0.000488
12687,0.000488
12688,0.000488
12689,0.000488
12690,0.000488
12691,0.000488
12692,0.000486
12693,0.000484
12694,0.000481
12695,0.000479
12696,0.000476
12697,0.000474
12698,0.000471
12699,0.000469
12700,0.000466
12701,0.000464
12702,0.000461
12703,0.000459
12704,0.000456
12705,0.000456
12706,0.000458
12707,0.000459
12708,0.00046
12709,0.000461
12710,0.000462
12711,0.000464
12712,0.000465
12713,0.000466
12714,0.000467
12715,0.000469
12716,0.00047
12717,0.000471
12718,0.000472
12719,0.000473
12720,0.000475
12721,0.000474
12722,0.000473
12723,0.000471
12724,0.000469
12725,0.000467
12726,0.000465
12727,0.000463
12728,0.000461
12729,0.000459
12730,0.000457
12731,0.000456
12732,0.000454
12733,0.000452
12734,0.00045
12735,0.000448
12736,0.000446
12737,0.000444
12738,0.000445
12739,0.000445
12740,0.000445
12741,0.000445
12742,0.000445
12743,0.000445
12744,0.000445
12745,0.000445
12746,0.000446
12747,0.000446
12748,0.000446
12749,0.000446
12750,0.000446
12751,0.000446
12752,0.000446
12753,0.000446
12754,0.000447
12755,0.000445
12756,0.000444
12757,0.000442
12758,0.00044
12759,0.000438
12760,0.000437
12761,0.000435
12762,0.000433
12763,0.000432
12764,0.00043
12765,0.000428
12766,0.000427
12767,0.000425
12768,0.000423
12769,0.000421
12770,0.00042
12771,0.000417
12772,0.000414
12773,0.000412
12774,0.000409
12775,0.000406
12776,0.000404
12777,0.000401
12778,0.000398
12779,0.000396
12780,0.000393
12781,0.00039
12782,0.000388
12783,0.000385
12784,0.000382
12785,0.00038
12786,0.000377
12787,0.000377
12788,0.000377
12789,0.000378
12790,0.000379
12791,0.000379
12792,0.00038
12793,0.00038
12794,0.000381
12795,0.000382
12796,0.000382
12797,0.000383
12798,0.000384
12799,0.000384
12800,0.000384
12801,0.000383
12802,0.000382
12803,0.000381
12804,0.000381
12805,0.00038
12806,0.000379
12807,0.000378
12808,0.000377
12809,0.000376
12810,0.000375
12811,0.000374
12812,0.000373
12813,0.000372
12814,0.000372
12815,0.000371
12816,0.00037
12817,0.00037
12818,0.000369
12819,0.000369
12820,0.000368
12821,0.000368
12822,0.000368
12823,0.000367
12824,0.000367
12825,0.000366
12826,0.000366
12827,0.000366
12828,0.000365
12829,0.000365
12830,0.000364
12831,0.000364
12832,0.000364
12833,0.000363
12834,0.000363
12835,0.000363
12836,0.000363
12837,0.000363
12838,0.000363
12839,0.000363
12840,0.000363
12841,0.000363
12842,0.000363
12843,0.000363
12844,0.000363
12845,0.000363
12846,0.000363
12847,0.000363
12848,0.000363
12849,0.000363
12850,0.000363
12851,0.000362
12852,0.00036
12853,0.000359
12854,0.000358
12855,0.000357
12856,0.000355
12857,0.000354
12858,0.000353
12859,0.000351
12860,0.00035
12861,0.000349
12862,0.000347
12863,0.000346
12864,0.000345
12865,0.000344
12866,0.000342
12867,0.000342
12868,0.000341
12869,0.000341
12870,0.000341
12871,0.000341
12872,0.00034
12873,0.00034
12874,0.00034
12875,0.00034
12876,0.000339
12877,0.000339
12878,0.000339
12879,0.000339
12880,0.000338
12881,0.000338
12882,0.000338
12883,0.000337
12884,0.000336
12885,0.000335
12886,0.000334
12887,0.000332
12888,0.000331
12889,0.00033
12890,0.000329
12891,0.000328
12892,0.000327
12893,0.000326
12894,0.000324
12895,0.000323
12896,0.000322
12897,0.00032
12898,0.000318
12899,0.000316
12900,0.000314
12901,0.000311
12902,0.000309
12903,0.000307
12904,0.000305
12905,0.000303
12906,0.0003
12907,0.000298
12908,0.000296
12909,0.000294
12910,0.000292
12911,0.000289
12912,0.000287
12913,0.000285
12914,0.000283
12915,0.000281
12916,0.00028
12917,0.000279
12918,0.000278
12919,0.000277
12920,0.000276
12921,0.000275
12922,0.000273
12923,0.000272
12924,0.000271
12925,0.00027
12926,0.000269
12927,0.000268
12928,0.000266
12929,0.000265
12930,0.000264
12931,0.000263
12932,0.000261
12933,0.00026
12934,0.000258
12935,0.000257
12936,0.000256
12937,0.000254
12938,0.000253
12939,0.000251
12940,0.00025
12941,0.000249
12942,0.000247
12943,0.000246
12944,0.000244
12945,0.000243
12946,0.000242
12947,0.000239
12948,0.000236
12949,0.000233
12950,0.00023
12951,0.000227
12952,0.000224
12953,0.000221
12954,0.000218
12955,0.000215
12956,0.000212
12957,0.000209
12958,0.000206
12959,0.000203
12960,0.0002
12961,0.000197
12962,0.000194
12963,0.000191
12964,0.00019
12965,0.000189
12966,0.000188
12967,0.000187
12968,0.000186
12969,0.000184
12970,0.000183
12971,0.000182
12972,0.000181
12973,0.00018
12974,0.000179
12975,0.000178
12976,0.000177
12977,0.000175
12978,0.000174
12979,0.000173
12980,0.000172
12981,0.000171
12982,0.000169
12983,0.000168
12984,0.000167
12985,0.000165
12986,0.000164
12987,0.000163
12988,0.000161
12989,0.00016
12990,0.000159
12991,0.000157
12992,0.000156
12993,0.000155
12994,0.000153
12995,0.000152
12996,0.000151
12997,0.00015
12998,0.000148
12999,0.000146
13000,0.000144
